stream_crossing_id,modelled_crossing_id,linear_feature_id
2901,,
3041,1804512,17076007
3042,,17076995
3043,1803548,17088773
3044,,17088916
3045,1803570,17091878
3046,,17093500
3047,1804647,17053682
3048,1803799,17054507
3049,,17057939
3050,,17059159
3051,17059351,17059351
3052,1803711,17060884
3053,1804002,17061403
3054,1803558,17061450
3055,,17053656
3056,1803552,17064120
3057,,17066346
3058,,17072869
3059,,17076005
3060,1805310,17088232
3061,1805306,17088232
3062,1803531,17091880
3063,1803565,17093506
3064,,17054509
3065,1803539,17055178
3066,1803566,17057005
3067,1803577,17062292
3068,,17063474
3069,,17064919
3070,,17068447
3071,1803542,17082206
3072,1805264,17063474
3073,1803576,17082285
3074,,17055587
3075,,17056651
3076,,17059066
3077,1803678,17062676
3078,1803560,17064122
3079,1804161,17073351
3080,,17073413
3081,1803563,17076920
3082,,17077522
3083,1804350,17078007
3084,,17079763
3085,,17081483
3086,,17086418
3087,1803528,17090466
3088,1803568,17090468
3089,1804648,17053555
3090,1803769,17067056
3091,1803532,17068118
3092,1804164,17074220
3093,,17074295
3094,,17076007
3095,,
3096,,
3097,,
3098,,
3116,,17055941
3136,1803551,17070514
3137,1803554,17071076
3138,1803543,17068028
3139,1803553,17067977
3140,1803559,17070302
3141,,17074556
3142,,17071026
3143,1800069,17076323
3144,,17071990
3145,1806045,17071990
6272,1801771,17014061
6273,1804823,17014063
6531,6801574,701412466
6532,6801535,701409730
6533,,701407964
7677,11304573,701756640
7883,11305427,701755166
7885,11304571,701756638
8237,11305824,701752605
8239,,701765524
8240,,701765480
8245,11304697,701755336
8246,11304694,701754974
8733,,17086160
8744,,17086160
8745,24704538,17022140
8758,1804827,17021127
50060,4606391,706855859
50061,4606344,706857678
50062,,706858765
50063,4600388,706858058
50064,4606364,706858423
50065,4606207,706857585
50066,4606183,706858994
50067,,706860952
50068,,
50069,4607564,706862976
50070,4606171,706863929
50071,,706866244
50072,4606965,706866956
50073,,706868755
50074,24706654,706871580
50075,,706870446
50076,24706673,706869407
50077,4605986,706862867
50078,4605985,706863052
50079,,
50080,4603572,706860251
50081,,706871296
50082,4607462,706871422
50083,24706671,706874276
50084,4607463,706875677
50085,,706877139
50086,4607465,706877016
50087,4606205,706877547
50088,24700390,706877674
50089,,
50090,,706879645
50091,,706879468
50092,4602846,706879645
50093,4605870,706878590
50094,,706880130
50095,,706880116
50096,24706676,706873710
50097,,706873665
50098,4605512,706873903
50099,,
50100,4605505,706873689
50101,4605484,706873501
50102,4605498,706873467
50103,,706873880
50104,,706873577
50105,,706873604
50106,,
50107,,706871838
50108,4602022,706871506
50109,,706871317
50110,,706872809
50111,4606898,706873272
50112,,706873272
50113,4603530,706873541
50114,4602747,706873630
50115,4600519,706875064
50116,,706875925
50117,4602830,706875581
50118,,706875925
50119,24706543,706874027
50120,4606602,706862786
50121,,706862124
50122,24706652,706875188
50123,,
50124,4605468,706877341
50125,4605470,706879015
50126,,706874841
50127,24706653,706874886
50128,4605452,706873186
50129,24706655,706871814
50130,24706542,706871301
50131,,706870903
50132,,706878075
50133,4603913,706859201
50134,4605854,706859965
50135,,706859689
50136,24706535,706859927
50137,,706859785
50138,4603696,706859920
50139,4603677,706860052
50140,4602664,706860764
50141,,706861182
50142,,706859911
50143,4603461,706859657
50144,4603709,706862494
50145,4603705,706863781
50146,4603594,706863643
50147,,706862392
50148,,706862134
50149,,706862289
50150,,706862936
50151,,706857903
50152,,706845075
50153,,706844794
50154,,
50155,,706844711
50156,,706844709
50157,,
50158,4602145,706844615
50159,,706844628
50160,,
50161,4600941,706844039
50162,24706662,706870021
50163,24706663,706870995
50164,24706661,706873975
50165,,706875542
50166,4605927,706877353
50167,,
50168,24706660,706878902
50169,4605932,706879200
50170,4605925,706879435
50171,,706877459
50172,4605346,706876612
50173,4605336,706874914
50174,4605344,706874446
50175,,706872686
50176,,
50177,,
50178,,706867175
50179,24706541,706867547
50180,4606387,706851717
50181,4606365,706852809
50182,4602338,706853259
50183,,706852809
50184,4601733,706852809
50185,4605191,706852494
50186,,706852369
50187,,706851266
50188,4605564,706850820
50189,,706850820
50190,,
50191,4605568,706851127
50192,4605563,706850354
50193,4605566,706849240
50194,,706848612
50195,,706848218
50196,,706848215
50197,24706511,706848215
50198,4606969,706847621
50199,4600211,706847491
50200,4600210,706847242
50201,4600498,706846878
50202,,706847242
50203,,706847242
50204,,706847621
50205,,706848218
50206,,706848664
50207,,706848967
50208,4601702,706850410
50209,,
50210,4600772,706851266
50211,,706838481
50213,,
50214,,706840725
50215,,
50216,,706837345
50217,4603187,706837046
50218,,706837070
50219,,706837070
50220,,706837121
50221,4604258,706837703
50222,,706837948
50223,,706840723
50224,4600382,706842103
50225,,706839894
50226,,
50227,,706839248
50228,4602410,706837154
50229,4605911,706836914
50230,,706836878
50231,,706836875
50232,4600996,706837509
50233,4602426,706837255
50234,,706836878
50235,,706836878
50236,,706838541
50237,,706838255
50238,,706838866
50239,4601494,706837110
50240,,706836418
50241,4602406,706836418
50243,,706836199
50244,4601485,706836532
50245,,706836197
50246,4601999,706835327
50247,4602216,706835847
50248,,706835331
50249,,706834995
50250,,706835139
50251,4601056,706835250
50252,,706839141
50253,24706515,706839198
50254,,706839455
50255,,706839455
50256,24706516,706839650
50257,4600122,706839904
50258,,706840350
50259,4607146,706842805
50260,4606166,706843357
50261,4607458,706843732
50262,,706842975
50263,4601915,706842975
50264,,706841862
50265,,
50266,,706836345
50267,,706836881
50268,4606793,706836881
50269,,
50270,4606737,706837345
50271,24706514,706838079
50272,,706838172
50273,4600365,706834784
50274,4600363,706834630
50275,,706836561
50276,,706836320
50277,,706836320
50278,,706836345
50279,4601383,706836561
51129,4603110,706879594
51146,4601867,706871659
51223,,706852809
51224,,706852809
51243,,706847491
51255,,
57095,,701415699
57096,,701415699
57097,,701415699
57098,6800605,701415699
57099,,701415852
57100,6800641,701416328
57101,6800108,701416270
57102,6800106,701416168
57103,6801557,701409157
57104,6800825,701408897
57105,6801565,701408517
57106,,701407397
57107,6801560,701407194
57108,6800820,701407061
57109,,701407027
57110,6802308,701407633
57111,6802306,701406368
57112,6802305,701406364
57114,6801942,701406090
57115,6801681,701406090
57116,6801383,701406368
57117,,701405660
57118,6802295,701405660
57119,6801589,701406198
57120,6801587,701406056
57121,6801588,701405586
57122,,701405004
57123,,701406056
57124,,701406906
57125,,701406908
57126,6802310,701408077
57127,,701408488
57128,6802303,701408588
57129,6801319,701408293
57130,,701408293
57131,,701408293
57132,,701408293
57133,6801529,701406954
57134,6801614,701403193
57135,6801540,701406951
57136,6801564,701407011
57137,,
57138,6801534,701406930
57139,6800963,701406930
57140,,701406494
57141,6801561,701406271
57142,,701407387
57143,,701407555
57144,6800885,701407716
57145,6801969,701407555
57146,,701407555
57147,6801966,701407907
57148,,
57149,6801582,701409385
57150,6801431,701424988
57151,,701403301
57152,6801434,701425867
57153,6801435,701426223
57154,6801660,701427577
57155,,
57156,,
57157,6802292,701428711
57158,6800596,701427062
57159,,701430260
57160,,701430260
57161,,701426717
57162,6801219,701426717
57163,,701426717
57164,6801776,701429016
57165,,701422684
57166,6801332,701421615
57167,6801599,701428134
57168,24708567,701428929
57169,6801401,701429361
57170,,701428127
57171,,
57172,,
57173,6801406,701427541
57175,6802326,701420296
57176,,701419667
57177,6802329,701419489
57178,,701419477
57179,6801446,701419346
57180,6801400,701430875
57181,24708561,701432652
57182,,701432896
57183,,701433158
57184,,701409977
57185,6800497,701436428
57186,6801379,701436428
57187,6801403,701437106
57189,,701410596
57190,,701411742
57191,,701411566
57192,6802070,701408693
57193,6802067,701409094
57194,,701409976
57195,,701409976
57196,6800761,701409976
57197,,701411710
57198,24708572,701409931
57199,24708565,701404400
57200,,701403628
57201,24708560,701402378
57202,6801104,701401144
57203,,701400836
57204,6802400,701399028
57205,6801888,701399017
57206,,701399056
57207,6802403,701399218
57208,6801610,701399477
57209,,701407964
57220,,
57221,6800623,701417334
57222,,
57223,,701416507
57224,6800091,701416613
57225,24708570,701416307
57226,24708571,701415949
57227,,
57228,,701421401
57229,6801402,701422235
57230,6801140,701422235
57231,6801139,701422235
57232,,701421241
57234,6801812,701420794
57235,,
57236,6801650,701423147
57237,6801645,701423900
57238,,701423206
57239,6801935,701426094
57240,,701423484
57241,,701424030
57242,6801932,701423892
57243,6801936,701425080
57244,6801931,701425053
57245,,701424145
57246,6801651,701422839
57247,,701421874
57248,6801644,701420876
57249,,701420794
57250,,701420427
57251,,701420220
57252,6800634,701424114
57253,6801804,701420605
57254,,701420605
57255,,
57256,6801814,701417221
57257,6802176,701419797
57258,,701419797
57259,,701420642
57260,,701419562
57261,,701419562
57262,,701420429
57263,6800617,701417997
57264,,701418603
57265,6802280,701423496
57266,6802278,701423441
57267,6802283,701422888
57268,6802282,701422252
57269,,701423875
57270,,
57271,,701423875
57272,6800637,701423875
57273,6801404,701422897
57274,,701423225
57275,6802332,701423225
57276,,701423225
57277,,701422816
57278,,701424612
57279,6800619,701424892
57280,24708562,701425645
57281,6801133,701426851
57282,6800610,701425148
57283,6800611,701424929
57284,6800609,701424929
57285,6801914,701425624
57286,,
57287,,
57288,6802180,701427241
57290,,701427541
57291,,701427541
57292,6802284,701421981
57293,6801475,701421183
57294,,701420995
57296,6802289,701423166
57297,,
57298,24708568,701427402
57299,6800624,701424810
57300,6802285,701423873
57301,6801662,701424797
57302,,701424797
57303,24708578,701424206
57304,,701422669
57305,6801985,701422724
57306,6801983,701421498
57307,6801984,701421089
57308,,701421143
57309,,
57310,,
57311,,
57312,,
57313,,
57314,,701422669
57315,6800590,701422669
57316,,
57317,6800584,701423255
57318,,701423782
57319,6800276,701423782
57320,,
57321,6801805,701415495
57322,6801799,701414514
57323,,701413342
57324,,701412122
57325,6801795,701411777
57326,,701410855
57327,,
57328,6801803,701410680
57329,6801796,701410202
57330,,701412629
57331,6801961,701412892
57332,,
57333,,701413479
57334,,701413530
57335,,
57336,6801960,701414752
57337,6800817,701415514
57338,,
57340,6800594,701417114
57341,,701410287
57342,6800120,701416313
57344,6800837,701415295
57346,,701415295
57347,24708538,701414215
57348,,701416660
57349,,
57350,6801727,701410200
57351,,701410200
57352,,701410739
57353,,701410631
57354,,
57355,,
57356,,
57357,,701411886
57358,,
57359,6800146,701410312
57360,6801127,701410511
57361,,
57362,,701411127
57363,,701412923
57364,6800835,701412941
57365,6800859,701413640
57366,6800845,701410596
57367,,
57368,6800836,701407942
57369,,701408365
57370,6800808,701406923
57371,,701407942
57372,6800806,701408365
57373,,701411590
57374,6800826,701412882
57375,6801056,701404120
57376,,701404105
57377,,701404149
57378,,
57379,,
57380,6801060,701404334
57381,,701404302
57382,6801071,701404784
57383,,
57384,,701405080
57385,6801894,701402410
57386,,701402410
57387,6802357,701423855
57388,,701402986
57389,,701402986
57390,,
57391,24708564,701402051
57392,,701401203
57393,6800081,701418579
57394,,701424535
57395,6800100,701400840
57396,,701400672
57397,6801307,701400845
57398,,701400731
57399,,
57400,,701406492
57401,,
57402,6800273,701405787
57403,,
57404,24708566,701406314
57405,,701406904
57406,,701407376
57407,6800491,701434275
57408,,701434275
57409,6801474,701434132
57410,,
57411,,
57412,,701433765
57413,6801472,701433765
57414,,701433691
57415,24701095,701433278
57416,,
57417,,
57418,,701435884
57419,,
57420,6800498,701435884
57421,6801372,701434476
57422,,701435516
57423,,701435516
57424,,
57425,6801370,701434312
57426,,701432876
57427,,
57428,,701432876
57429,,701436428
57430,6801719,701430483
57431,,701430874
57432,,
57433,,701433593
57434,6802274,701431479
57435,,701430874
57436,,701436387
57437,6801912,701435324
57438,,
57439,,
57440,6800477,701433441
57441,6800467,701433441
57442,6800465,701431088
57443,,701431088
57444,6802271,701431342
57445,6802269,701430483
57446,,701429831
57447,6801720,701439186
57448,6801869,701408387
57449,6801865,701408467
57450,,701408465
57451,6801690,701408970
57452,6801885,701409185
57453,6800982,701409185
57454,6801451,701414476
57455,6801454,701412473
57456,,701412473
57457,24708563,701413166
57458,6801456,701413517
57459,6801455,701411886
57460,6801448,701410192
57461,6801450,701410200
57462,,
57463,,701410124
57464,24708522,701408969
57465,6800689,701414605
57466,,701414605
57467,6802235,701413254
57468,6801536,701414994
57469,6800684,701416300
57470,6800021,701417186
57471,,701416937
57472,6801861,701425001
57473,,
57474,6802114,701429264
57475,6801673,701425071
57476,6801654,701424716
57477,6801836,701426617
57478,6801835,701425233
57479,,701426617
57480,,701429264
57481,,
57482,6802097,701426273
57483,6802215,701427677
57484,6802214,701426708
57485,,701429307
57486,,701429307
57487,,701429505
57488,,
57489,6801860,701429424
57490,6801863,701427095
57491,6802338,701426746
57492,,
57493,,701430337
57494,,701426899
57495,6802333,701425736
57496,,701424268
57497,,
57498,6801826,701424308
57499,,
57500,,701427312
57501,,701420123
57502,6801422,701428035
57503,6801944,701420288
57504,6801945,701420379
57505,6801423,701426996
57506,6801419,701425354
57507,6800089,701417046
57508,,
57509,,701425422
57510,6800085,701418417
57512,6800002,701420863
57513,6800660,701411681
57514,24708518,701421400
57515,6802146,701435625
57516,24708531,701435649
57517,24708532,701436625
57518,,701409005
57519,,
57520,6800061,701409449
57521,,701410365
57522,6800024,701411164
57523,6800105,701412665
57524,6800664,701412804
57525,,701412470
57526,,
57527,6800738,701408870
57528,,701410120
57529,,701409332
57530,,
57531,,701408862
57532,,
57533,6800195,701422116
57534,6801906,701409853
57535,,
57536,6801904,701410587
57537,6801905,701410164
57540,,701411681
57541,6800326,701413140
57542,6800325,701413140
57543,,701417932
57544,6801377,701416277
57545,,
57546,6801889,701415308
57547,6801477,701416100
57548,,701412349
57549,,701413359
57550,,701423056
57551,,701414138
57552,6800078,701418304
57553,,701418464
57554,24708516,701419551
57555,6800077,701417274
57556,6800076,701416501
57557,24708521,701416049
57558,6800017,701416151
57559,6802263,701419886
57560,6801485,701418787
57561,,701422313
57562,6801291,701420851
57563,,701424393
57564,6801409,701424824
57565,6801415,701425618
57566,,701426893
57567,,701422934
57568,6801410,701424177
57569,6801411,701424189
57570,6801185,701424238
57571,,701422623
57572,,
57573,6800283,701423326
57574,6800285,701423326
57575,6801493,701424726
57576,6800505,701426519
57577,6800504,701428637
57578,6801670,701429255
57579,,701429908
57580,,701425800
57581,6802481,701427508
57582,6800035,701415439
57583,6802431,701424002
57584,6802455,701425991
57585,,
57586,6801490,701426996
57587,6800036,701422890
57588,6800509,701430009
57589,6800181,701427013
57590,6801857,701423420
57591,,701418136
57592,6801479,701416191
57593,,701413560
57594,6802058,701412363
57595,,
57596,6800587,701422805
57597,,701429380
57598,,
57599,,701416100
57600,,701414005
57601,6800011,701411274
57603,6800056,701410800
57604,6800338,701408519
57605,,701408862
57760,,17092439
57761,1802243,17092909
57762,1800508,17092719
57763,,17093553
57764,,17088830
57765,1805024,17088107
57766,1803955,17088284
57767,1803954,17088328
57768,1803953,17088151
57769,1805022,17091296
57770,1805025,17090426
57772,,17090333
57773,1805058,17089283
57774,,17088704
57775,,17088704
57776,24704548,17086967
57777,24704547,17085926
57778,1800519,17079299
57779,1803821,17077774
57780,1801939,17076269
57781,1801085,17091268
57782,1801177,17090282
57783,1800171,17090282
57784,1800172,17090284
57785,1800133,17080045
57786,,17082868
57787,,17082868
57788,,
57789,,17079184
57790,,17079184
57791,1800628,17077978
57792,1802468,17077393
57793,,17076078
57794,,
57795,1802442,17079827
57796,,17078445
57797,1802479,17076770
57798,,17080511
57799,,17090605
57800,,17090605
57801,1800024,17082959
57802,1800328,17042518
57803,,17042519
57804,,17042964
57805,1800330,17042964
57806,,17042964
57807,1802953,17042964
57808,1802977,17042964
57809,,17042964
57810,1802947,17042659
57811,1801354,17043090
57812,24704497,17042694
57813,1800314,17042323
57814,,17041670
57815,24704498,17042019
57816,,17041718
57817,,17041537
57818,1802907,17041537
57819,,17041537
57820,,
57821,,17041823
57822,1800321,17041963
57823,1800676,17041530
57824,,17041611
57825,,17041963
57826,1802914,17041754
57827,,17041754
57828,,
57829,,17042072
57830,1801614,17033525
57831,,17041547
57832,,17041459
57833,,17041459
57834,,17041452
57835,,17041482
57836,1803271,17041452
57837,,17041471
57838,,17041499
57839,,17041499
57840,,17041471
57841,,17041452
57842,,17041893
57843,,17041986
57844,,17042195
57845,,17042280
57846,,17042361
57847,,17042559
57848,1801423,17042685
57849,,
57850,1801424,17042687
57851,1800304,17042861
57852,,17042864
57853,,17043108
57854,1801420,17043108
57855,,17043108
57856,1800310,17043816
57857,1801442,17042864
57858,1801441,17042861
57859,,17041858
57860,,17043712
57861,,17043932
57862,1802337,17044159
57863,,17044230
57864,,17044159
57865,,17044363
57866,,17044305
57867,24704504,17043412
57868,24704493,17043520
57869,,
57870,1800293,17043595
57871,1801432,17043595
57872,,17043595
57873,1801416,17043661
57874,1803283,17043975
57875,,17043973
57876,1803284,17044103
57877,1801417,17043661
57878,1800294,17043239
57879,,17043145
57880,,17043143
57881,,17043126
57882,,
57883,1800296,17043349
57884,1803765,17043975
57885,1804692,17043973
57886,,17043973
57887,1803842,17043427
57888,,17043425
57889,,17043425
57890,,17043425
57891,,17043000
57892,,17043336
57893,,17043427
57894,1804481,17043816
57895,1803956,17043336
57896,1804435,17043334
57897,,17043126
57898,1803355,17043816
57899,1803229,17039698
57900,,17040881
57901,1801482,17040677
57902,1801484,17040217
57903,1801483,17039960
57904,1801480,17039957
57905,,
57906,,17040067
57907,,17040047
57908,,17040070
57909,,17039863
57910,,
57911,,17039980
57912,,17039444
57914,1803242,17039444
57915,,17038833
57916,1803219,17038316
57917,1803220,17037885
57918,1800003,17037711
57919,1803250,17037632
57920,1800138,17038483
57921,1801498,17037835
57922,,17037835
57923,,17037632
57924,,17037632
57925,,17037153
57926,1800136,17036300
57927,,17036300
57928,1800137,17036210
57929,,
57930,,
57931,1800002,17037401
57932,1801621,17037151
57933,,17036555
57934,1801622,17035861
57935,1801625,17035861
57936,,17035861
57937,,17035861
57938,1803247,17035626
57939,24704488,17034323
57940,1800168,17033534
57941,1800165,17033270
57942,,17033268
57943,,17038833
57944,1800167,17035138
57945,,17033014
57946,1803239,17033014
57947,1803249,17033268
57948,1803248,17033270
57949,1806014,17033700
57950,1800350,17033268
57951,1801607,17033268
57952,1803175,17033163
57953,1803176,17033036
57954,1803178,17033525
57955,1803181,17033899
57956,,17034177
57957,1801570,17034177
57958,1800351,17034275
57959,,17032717
57960,1801605,17032717
57961,1801616,17032717
57962,1801648,17032653
57963,,17034275
57964,1803892,17033567
57965,,17033450
57966,1804688,17033567
57967,,17033634
57968,1800551,17033632
57969,,17033644
57970,1805290,17033690
57971,1805287,17033361
57972,,17033361
57973,,17033634
57974,1803211,17034370
57975,1801603,17034370
57976,,
57977,1800353,17034672
57978,,17034905
57979,,17034678
57980,1801572,17034747
57981,,
57982,,17034745
57983,,
57984,,17033238
57985,1804107,17032883
57986,,17032881
57987,,
57988,,17033177
57989,,
57990,,
57991,,
57992,1804109,17032769
57993,,
57994,,
57995,1800977,17032637
57996,1801574,17036198
57997,1805156,17034732
57998,,17034846
57999,1803964,17035570
58000,,17036152
58001,,
58002,,17036236
58003,1801564,17034732
58004,1801597,17034745
58005,,17034294
58006,,17035555
58007,1801585,17035555
58008,1803673,17035437
58009,1803675,17035507
58010,1801551,17035437
58011,,17036025
58012,,17036463
58013,,17035536
58014,,17036385
58015,,17035618
58016,,17035971
58017,1803957,17036396
58018,1803960,17036430
58019,1801663,17036640
58020,,17036664
58021,,17036664
58022,,17036640
58023,,17036640
58024,,17036385
58025,,17035945
58026,,17035986
58027,1803626,17036687
58028,1803625,17036842
58029,1803627,17037052
58030,,17035751
58031,1803780,17035751
58032,1803779,17035938
58033,1803781,17036218
58034,1803778,17036493
58035,,17035340
58036,,17035116
58037,,17035381
58038,1801617,17035191
58039,1801618,17035116
58040,,17035719
58041,1801640,17035719
58042,,17035719
58043,1801626,17035784
58044,,17035163
58045,,
58046,,17041129
58047,,
58048,,
58049,,17041986
58050,,17043241
58051,,17042617
58052,,17042559
58053,1801582,17041582
58054,1801560,17036236
58055,,
58056,1801601,17036705
58057,1805277,17036705
58058,,17037296
58059,,17036704
58060,1805275,17036635
58061,,17037201
58062,1805271,17036623
58063,1802405,17031801
58064,,17031801
58065,1804830,17032382
58066,1800348,17032994
58067,,17032572
58068,1800349,17032352
58069,1801700,17029060
58070,1800412,17029060
58071,1803309,17029060
58072,1800037,17029060
58073,,17030477
58074,1803203,17034275
58075,,17035852
58076,1803989,17037210
58077,,17036291
58078,,17036689
58079,,
58080,1805274,17037210
58081,,17028915
58082,1801914,17029663
58083,1805143,17030682
58084,,17028915
58085,1805925,17028915
58086,1805924,17028931
58087,,17029663
58088,1806055,17029663
58089,,17030439
58090,,17030439
58091,,17031099
58092,1806232,17031099
58093,1805144,17030682
58094,,17033907
58095,1801562,17034177
58096,1805282,17087093
58097,,17079889
58098,,17080234
58099,,17091569
58100,,17091569
58101,,17087507
58102,1806122,17088386
58103,,17089837
58104,1803836,17089113
58105,,
58106,,17074948
58107,,17074967
58108,,17075275
58109,,17076686
58110,,17076686
58111,,17078390
58112,,17078166
58113,1800714,17077654
58114,1800713,17077654
58115,1800716,17078117
58116,1801948,17076014
58117,,17076686
58118,1801946,17077827
58119,1800686,17079299
58120,1801437,17043108
58121,,17043108
58122,,17043002
58123,,17043002
58124,,17043002
58125,,
58126,,17042020
58127,,17041986
58128,,
58129,,
58130,,17042195
58131,,17042314
58132,,17042310
58133,,17042252
58134,,
58135,,17042207
58136,,17042051
58137,,17042020
58138,1801547,17042020
58139,,17041997
58140,,17044305
58141,,17038055
58142,,17037916
58143,1801490,17037638
58144,1801593,17037072
58145,,
58146,,17036947
58147,1801473,17037223
58148,,17036635
58149,1804639,17036845
58150,,17029663
58151,1802775,17048346
58152,1800283,17049074
58153,1801406,17049072
58154,,17047957
58155,1802784,17047136
58156,1802838,17049653
58157,1802777,17047851
58158,1800275,17048346
58159,1802236,17048346
58160,1800284,17049947
58161,1800274,17052185
58162,1800147,17043357
58163,24703649,17050447
58164,,17052341
58180,,17032461
58181,1803364,17032382
58182,,17031801
58183,,17030425
58184,1802354,17031309
58185,1803909,17031801
58186,1802214,17031309
58187,1803246,17031309
58188,1802357,17031309
58189,1803333,17031309
58190,,17030500
58191,1804041,17029663
58192,,17028915
58193,1803782,17029674
58194,,17029672
58195,,17029474
58196,1802197,17029474
58197,1802198,17029474
58198,,17031180
58199,1802355,17031180
58200,,17031180
58201,1803244,17036238
58202,1801634,17036308
58203,,17036210
58204,,17036210
58205,1803180,17033525
58206,1801630,17034322
58207,1801632,17034320
58208,1801613,17034490
58209,1803203,17034275
58210,,17035238
58211,,17035341
58212,1803236,17035345
58213,1800011,17041427
58214,1803234,17035414
58215,1803235,17035686
58216,,17034691
58217,1803207,17034716
58218,,17034480
58219,,
58220,,
58221,1803132,17035570
58222,1801590,17034900
58223,,17034983
58224,1805227,17031319
58225,1803208,17034365
58226,,17034376
58227,,17034705
58228,1801569,17034251
58229,1803183,17032148
58230,1802261,17031869
58231,1802262,17031861
58232,1804392,17032603
58233,1804387,17032438
58234,1800007,17040630
58235,,17042067
58236,1802938,17042067
58237,1800832,17042139
58238,,17041933
58239,,17041933
58240,,
58241,1800644,17042212
58242,1802965,17042235
58243,1802969,17041524
58244,1800731,17041640
58245,,17041526
58246,1802922,17041262
58247,1801501,17041260
58248,,17040496
58249,1801491,17040569
58250,1801479,17040888
58251,,
58252,1800740,17040719
58253,1801494,17040721
58254,1800734,17040699
58255,,17040699
58256,1800139,17040399
58257,,17040841
58258,,17042170
58259,1802702,17079662
58260,,17041305
58261,1800010,17041427
58262,1801576,17041427
58263,1801500,17042170
58264,,
58265,,17084892
58266,,17041681
58267,1802929,17041522
58268,1801517,17041638
58269,1802930,17041679
58270,1801504,17041640
58271,1802927,17041640
58272,1802937,17042557
58273,1804391,17032247
58274,,17031746
58275,,17031140
58276,,17031450
58277,1806021,17031448
58278,,17031448
58279,,17031957
58280,,
58281,1802359,17031746
58282,1802294,17031746
58283,1802292,17031698
58284,1801637,17033057
58285,1801606,17032352
58286,,17032117
58287,,17041526
58288,,17042212
58289,,17042212
58290,1802943,17042560
58291,1802942,17042541
58292,1800014,17042371
58293,1800015,17042371
58294,1802976,17042233
58295,1803715,17035258
58296,,17035070
58297,,17035070
58298,1805197,17034646
58299,,17034648
58300,1805209,17035053
58301,,17033742
58302,,
58303,1805205,17033640
58304,1805199,17032857
58305,1805237,17032684
58306,1805215,17032462
58307,,17032361
58308,1805228,17032282
58309,1805230,17032271
58310,,17031414
58311,1805204,17031380
58312,,17031317
58313,1805238,17031671
58314,,17032152
58315,24704543,17031954
58316,,17031671
58317,,17031671
58318,,17032040
58319,1804828,17031671
58320,,17031671
58321,,17032040
58322,,17041900
58323,,17041900
58324,24703644,17036417
58325,,17030498
58326,1804860,17030873
58327,,17030932
58328,,17032359
58329,,17032388
58330,,17033304
58331,,17033619
58332,,17035032
58333,1803965,17035032
58334,,
58335,1803867,17035032
58336,,17034711
58337,1803870,17034709
58338,,17034505
58339,,17034711
58340,,
58341,,
58342,1803222,17038630
58343,,17038874
58344,,17038600
58345,,17038874
58346,,
58347,,17029663
58348,,
58349,,17084892
58350,,17084892
58351,,17082999
58352,,17083467
58353,,17083467
58354,,17083467
58355,,
58356,1801029,17030660
58357,1801030,17030660
58358,,17033152
58359,,17041186
58360,1802901,17040312
58361,,17040298
58362,1800338,17039925
58363,24703640,17039991
58364,1802962,17040010
58365,,17040010
58366,1800118,17040838
58367,,17040724
58368,,17040657
58369,1802904,17040253
58370,1802897,17040289
60427,24706658,706813796
60428,4606437,706813698
60429,4606439,706813918
60430,4606438,706813992
61220,,706840350
61238,4606543,706832223
61239,4607599,706832508
61240,4606524,706832615
61486,,706844225
61487,,706845647
61488,,706846099
61489,4600201,706846031
61491,4600242,706843055
61492,4600204,706844601
61493,4600206,706845416
61494,24706509,706842974
61495,4600240,706842827
61496,24706538,706845693
61497,24706508,706843656
61498,4600229,706844603
61499,,706844157
61500,24706496,706844018
61501,,706843771
61502,,706843896
61503,24706513,706843773
61504,24706507,706844196
61505,,706843896
61513,4600215,706821389
61514,,706821389
61515,4605253,706822234
61516,,706822352
61517,,706823819
61518,4605251,706823268
61519,4603124,706822484
61520,4600601,706822036
61521,,706822040
61522,4600602,706821435
61523,4600600,706821387
61524,,706821771
61525,4600599,706821771
61526,4603147,706823536
61527,,706823394
61528,,706822185
61529,,706822185
61530,,706822537
61531,4605820,706822486
61602,4605384,706818444
61603,4605390,706818444
61604,4605387,706818442
61605,4605386,706818846
61606,,
61607,4605314,706818726
61608,4605389,706818579
61609,4605289,706819142
61610,,706819142
61611,4605287,706819232
61612,,706819232
61613,4605286,706819386
61614,4605288,706819398
61615,4605776,706819593
61616,24706679,706819770
61617,4606315,706820128
61618,,706819916
61619,4605425,706820116
61620,4606324,706820610
61621,4605423,706820441
61622,4606317,706819812
61623,24706530,706820497
61624,,
61625,4606059,706820866
61626,4607160,706820866
61627,4606318,706820722
61628,4605219,706821099
61629,4605960,706821533
61630,4606313,706819773
61631,4605311,706818194
61632,,706817875
61633,4605312,706818196
61634,,706818196
61635,,706819657
61636,4600224,706819779
61637,4603318,706817712
62120,4607457,706852743
62121,4607459,706854722
62122,4607466,706856885
62123,4606968,706855043
62124,,706849740
62125,,
62126,,
62127,,
62128,4606186,706849873
62129,4606215,706849871
62130,,
62131,,
62132,,
62133,,
62134,24706669,706849813
62135,24706670,706851885
62136,4602570,706850604
62137,,706850191
62138,4601677,706849279
62139,,706849343
62140,4602558,706849388
62141,,
62142,,706849632
62143,,706849388
62144,,706849632
62145,4605746,706849388
62146,4606489,706849738
62147,24700389,706850008
62148,4606499,706849740
62149,4602568,706849740
62150,,706849390
62151,,706849632
62152,4605278,706818367
62153,,
62154,4605271,706818187
62155,4600291,706817984
62156,4605615,706817984
62157,,
62158,4605282,706817984
62159,24706510,706817701
62161,,706817162
62162,4600221,706820491
62163,4600220,706820761
62164,,
62165,4603109,706821872
62166,4603107,706821743
62167,4600155,706821705
62168,4600222,706820417
62169,4600219,706820054
62170,4602267,706828052
62172,,706826079
62173,24706506,706828743
62174,,
62175,,
62176,,706821626
62177,,706821626
62178,,
62179,,
62180,4600217,706821019
62181,4606699,706821389
62182,4600284,706821389
62183,24706656,706812417
62184,,
62186,,
62187,,
62220,4606961,706801974
62221,,
62222,,
62223,4605662,706801738
62224,4605650,706801748
62225,4605682,706802080
62226,,706802531
62227,4606960,706802517
62228,4605680,706801995
62229,,706801974
62230,4605706,706802650
62231,4605716,706802761
62232,4605711,706802393
62233,,
62234,,
62235,4605678,706802150
62236,4605692,706802994
62237,4605717,706802930
62238,,
62239,4605674,706802370
62240,,706802080
62241,,
62242,,
62243,,706802481
62244,,706801756
62245,,
62246,,
62247,,706801995
62248,,
62249,4605684,706803496
62250,4605659,706803498
62251,,706802481
62252,4605719,706802430
62253,4605672,706803769
62254,4605642,706803865
62255,,
62256,,
62257,,706802236
62258,4605638,706802236
62259,4605666,706803199
62260,4605665,706803221
62261,,
62262,4605729,706809048
62263,,
62264,,
62265,4605664,706808740
62266,,
62267,4605677,706808669
62268,,
62269,4605637,706808498
62270,,
62271,4605645,706806603
62272,,
62273,,
62274,4603075,706805730
62275,4605640,706805298
62276,4605667,706805126
62277,4605641,706805124
62278,4605681,706804960
62279,,
62281,4605703,706804473
62282,4605690,706804555
62283,,706804807
62284,4605694,706804807
62285,,
62286,,
62287,4605699,706804051
62288,4605726,706804067
62289,4600065,706805015
62290,,706806138
62291,4605718,706807884
62292,4605319,706807352
62293,4605322,706807848
62294,4605318,706806134
62295,,
62296,,
62297,,
62298,,
62299,,
62300,4605323,706806629
62301,4605316,706806732
62302,,706806760
62303,,706806743
62304,,
62305,,
62306,,
62307,4605317,706808097
62408,,706822195
62409,,
62410,,706822500
62411,,706822500
62412,,706823783
62413,,706823832
62414,4600581,706823034
62415,4603002,706823009
62416,4600504,706823561
62417,4602963,706823105
62418,,706823947
62419,24707142,706829918
62420,,706829680
62421,4602266,706830097
62422,4602883,706829735
62423,4601130,706829538
62424,,706829482
62425,,706829482
62426,,706829410
62427,4606419,706829355
62428,,706829220
62429,,706829220
62430,4601164,706828975
62431,,706829443
62432,,706830380
62433,4602294,706830626
62434,4601140,706830815
62435,,
62480,,
62481,,
62482,,706840067
62484,,706839348
62485,4604212,706839273
62486,,
62487,,706840238
62488,,
62490,,
62491,,706839561
62492,,
62493,,706827144
62494,,706828805
62495,,706828916
62496,4602535,706828916
62497,,706828468
62498,,706827375
62499,4601150,706828203
62500,,706828203
62501,,706827787
62502,,706828378
62503,24703992,706845962
62504,,706844902
62505,4602146,706844872
62506,,706844628
62507,,706844628
62509,4600636,706843926
62510,,706844628
62511,,
62512,,706844615
62514,4601559,706844716
62515,4602184,706844711
62516,4602147,706844794
62517,,
62518,,706844709
62520,,
62521,4600144,706845075
62522,,
62523,4600635,706844504
102964,4600959,706838077
102966,,706837762
102967,4600357,706839455
102968,4604259,706837948
102970,4600617,706838257
102971,4604230,706838255
102972,4600119,706838172
102974,,706838079
102977,,
102978,4601481,706834995
102980,,706836069
102984,,
102986,,706837110
102987,,
102988,,
102989,,706835685
102990,4601443,706834916
102991,,
102992,4602433,706835921
102993,4601432,706835842
102994,,706836418
102996,,706834784
102997,4600817,706843262
102998,,706834584
102999,,
103000,,
103001,,706839904
103003,,706835523
103004,4600359,706839796
103006,4607456,706841270
103007,4607167,706841951
103008,,706840673
103009,4607460,706842593
103010,4607562,706842374
103011,,
103012,,
103013,,706843359
103014,,706843359
103015,,706838857
103017,4600117,706837345
103019,,706839650
103022,4606191,706843078
103024,,706840348
103025,,706836068
103032,4606361,706851834
103033,,706852809
103035,4600781,706852105
103037,4605195,706851834
103038,4606232,706847643
103039,,706847573
103040,4606238,706847351
103042,4600716,706847242
103043,4600717,706847491
103044,4606236,706847185
103045,,
103047,4602328,706848664
103050,4605366,706851117
103051,4600773,706851528
103052,4605369,706851375
103055,,
103056,4601538,706848612
103057,,
103058,4602100,706848666
103059,,706852677
112317,4600271,706835088
112318,,706834889
112319,4601232,706831008
112320,4606297,706832072
112321,4603161,706831993
112322,4606291,706832158
112323,4605613,706833538
112324,4600278,706834587
112325,4607158,706833442
112326,4600279,706833538
112327,24706563,706834030
112328,24706512,706833359
112329,4606300,706833571
112330,4606304,706832261
112331,,
112332,4600321,706835400
112333,4606301,706832400
112334,4606298,706832542
112335,4601292,706832657
112336,,706832864
112337,4606616,706832657
112338,,
112339,4606303,706833347
112340,4606295,706833428
112341,,
112342,4602529,706833528
112343,4605611,706833321
112344,4605614,706833323
112345,,706833321
112346,,706833323
112347,,706833321
112348,,706833321
112349,,
112350,,
112351,,
112352,4606293,706832077
112353,4606302,706831747
123224,,
123340,1804471,17084167
123341,1804472,17082605
123342,,17087838
123343,,17091359
123344,,17091447
123345,1803822,17091024
123346,1803824,17082230
123347,1805826,17079662
123348,,17075610
123349,,17075378
123350,,17075378
123351,,17075299
123352,,17075299
123353,,17072634
123354,1801917,17072634
123355,1800700,17075299
123356,1801940,17073652
123357,1803823,17072941
123358,,
123359,1801711,17069463
123360,1802449,17067648
123361,,17067172
123362,,
123363,1802260,17067648
123364,,17067648
123365,1800262,17065028
123366,,17065028
123367,,17063992
123368,,17064215
123369,,17060784
123370,,17060798
123371,,
123372,,17054009
123373,1800273,17054009
123374,,17054009
123375,1800131,17067299
123376,,17065661
123377,1800404,17067123
123378,1802474,17067123
123379,,
123380,1800544,17067299
123381,,17067299
123382,,17071911
123383,1802288,17075746
123384,,17074495
123385,,17074579
123386,,
123387,1802812,17056011
123388,,17058590
123389,1800264,17058590
123390,,17059149
123391,,17056002
123392,,17055650
123393,1800265,17055650
123394,,17055650
123395,,17055650
123396,,17055650
123398,1800268,17053153
123399,1800103,17052714
123400,,17052714
123401,1800102,17052391
123402,,17052391
123403,,17052391
123404,,
123405,,17051115
123406,,17051087
123407,,17052104
123408,1805119,17052036
123409,1805057,17051734
123410,1801273,17053996
123411,1802814,17055617
123412,1802815,17055619
123413,1800270,17055617
123414,1802800,17055075
123415,,
123416,1802805,17051929
123417,,17051929
123418,,17051929
123419,,17052061
123420,,17051673
123421,1800105,17051673
123422,,17051671
123423,,
123424,,17055617
123425,1801266,17053835
123426,1800106,17053701
123427,1800276,17049955
123428,,17049667
123429,,17050383
123430,1802834,17049630
123431,,17052166
123433,1801392,17051669
123434,1800282,17047955
123435,,17048095
123436,,17048381
123437,1800280,17048381
123438,,17046369
123439,1801461,17045877
123440,,17045879
123441,1801436,17045879
123442,1802782,17047561
123444,1802783,17047320
123445,1800114,17047504
123446,1800285,17047504
123447,1801349,17045395
123448,,
123449,,17045393
123450,,
123451,1802339,17044617
123452,,17044615
123453,,
123454,,17046489
123455,1800288,17044809
123456,1801450,17044809
123457,1801352,17044966
123458,1802515,17044966
123459,1802769,17044966
123460,,17045120
123461,,17045120
123462,,17045120
123463,1800286,17045980
123464,1802959,17044378
123480,1800834,17046136
123481,1802770,17046091
123482,1800831,17045848
123483,,17045743
123484,1800830,17046248
123485,1800835,17046091
123486,,17045811
123487,1800390,17045712
123488,1802827,17044338
123489,1800022,17044338
123490,1805509,17044338
123491,1802409,17044338
123492,1800824,17044338
123493,1800389,17043642
123494,1800388,17043642
123495,1800387,17043763
123496,1800828,17043717
123497,,17043775
123498,1800822,17044338
123499,1802951,17043357
123500,,
123501,1800417,17044338
123502,1803109,17044457
123503,,17044708
123504,,17045152
123505,,17044837
123506,1803094,17044895
123507,,17045152
123508,,17045152
123509,1804381,17045850
123510,1801445,17044960
123511,1801362,17052096
123512,1800669,17052511
123513,,17052511
123514,,17052498
123515,1801306,17052498
123516,,17053338
123517,1801317,17053338
123518,,17057399
123519,,17055860
123520,,17055858
123521,1806004,17055860
123522,,17055247
123523,,17054616
123524,,17054616
123525,,17057399
123526,,17057853
123527,1804228,17056341
123528,,17056341
123529,,17048390
123530,,17048390
123531,,17048095
123532,,17048091
123533,,17047958
123534,,
123535,,17048066
123536,,
123537,,17047198
123538,,17047037
123539,,17046741
123541,1805360,17046830
123542,,
123543,,17046343
123544,1801300,17048346
123545,,17054009
123546,,17054716
123547,1803089,17044758
123548,,17044819
123549,1801346,17044472
123550,,
123551,,
123552,,
123553,,17044262
123554,,
123555,,
123556,,
123557,,
123558,,17044451
123559,,17044454
123560,,17044429
123561,,
123563,,
123564,,17044118
123565,1800371,17044429
123566,,17044282
123567,,17044282
123568,,17044284
123569,,17044236
123570,,17044316
123571,,17045018
123572,,17045018
123573,,
123574,1805414,17044236
123575,,17044316
123576,,
123577,,17044316
123578,,17044663
123579,,
123580,,17044829
123581,,17051575
123582,,17052318
123583,1801332,17053701
123584,,17069252
123585,,17054574
123586,,17052817
123587,,17052996
123588,,17052340
123589,,17055948
123590,,17055948
123591,,17055948
123592,,17055948
123593,,17055100
123594,,17054777
123595,,17055100
123596,,17053669
123597,,17053671
123598,,17053669
123599,,17055100
123600,,
123621,,17070585
123622,1802478,17067668
123623,,
123624,,17067172
123625,1802447,17065353
123626,,
123627,,17058474
123628,1803748,17058853
123629,,17057227
123630,1803745,17058853
123631,1805783,17058474
123632,1804906,17059071
123633,1802455,17053807
123634,1801313,17053807
123635,1802435,17054409
123636,1801311,17054409
123637,1802436,17054084
123639,1801312,17054084
123640,1800552,17054084
123641,,17054409
123642,,17054531
123643,1801314,17054531
123644,,17054167
123645,,
123646,1801315,17054167
123647,1802457,17054167
123648,,17054167
123649,,
123650,1802279,17072282
123651,1802281,17071023
123653,,
123654,,17074183
123655,1802421,17074497
123656,,17074495
123657,,17074579
123660,,17041816
123661,,17042286
123662,,17042293
123663,1800394,17042563
123664,,17042692
123665,,
123666,,17043034
123667,1800672,17043139
123668,,17043139
123669,,17043327
123670,,17043325
123671,1802973,17043563
123672,1800019,17043563
123673,1800148,17043563
123674,1802890,17043563
123675,1801353,17043563
123676,1800018,17043563
123677,,
123678,1800146,17043563
123679,,17064129
123680,,17062395
123681,,17061295
123682,,17060528
123683,,17060528
123684,,17061956
123685,,17061295
123686,,17062395
123687,,17062395
123688,,
123689,,
123690,,17063868
123691,,17042558
123692,,17042558
123693,24703653,17039070
123694,24703652,17039374
123695,1801535,17039372
123696,1801540,17039607
123697,,17039631
123698,1801539,17039848
123699,,17040032
123700,1800741,17040034
123701,1800334,17040235
123702,24700294,17040853
123703,,17040853
123704,24703641,17041172
123705,1801579,17040838
123706,1800336,17040800
123707,1800335,17040728
123708,,17040250
123709,1802898,17039855
123710,,17039855
123711,,17040129
123712,,17067046
123713,,17040714
123714,,17040298
123715,,17039559
123716,1800333,17039559
123717,1800119,17039252
123718,,
123719,,17039252
123720,,17037820
123721,1800340,17036875
123722,1800341,17037213
123723,24703643,17037211
123724,,17037569
123725,,17034929
123726,,17034589
123727,,17034701
123728,1805824,17034545
123729,1806228,17034482
123730,,17034582
123731,1805218,17034198
123732,1805211,17034179
123733,1805221,17034181
123734,1804012,17034179
123735,1803757,17033808
123736,1805089,17033478
123737,,17033478
123738,1804594,17033476
123739,,17031106
123740,,17034123
123741,,
123742,1804426,17033049
123743,,17034147
123744,1803187,17034945
123745,,
123746,1805371,17046116
123747,,17046308
123760,1802768,17045102
123761,,17044654
123762,,17036256
123763,1805220,17035742
123764,1805232,17035756
123765,,17035439
123766,,17035450
123767,,
123768,1805229,17035268
123769,1805229,17035216
123770,1800045,17029516
123771,,17028747
123772,,17028747
123773,1801673,17028536
123774,1800629,17029535
123775,,17028162
123776,24703647,17027548
123777,,17027328
123778,1800377,17025688
123779,1805284,17022582
123780,1804756,17023428
123781,24700233,17027660
123782,1805745,17022714
123783,24703954,17022610
123784,,17022610
123785,1802297,17023192
123786,,17024247
123787,1804666,17024486
123788,1802406,17023924
123789,,
123790,,
123791,,
123792,,17024957
123793,1802194,17024957
123794,1802384,17023990
123795,,17023775
123796,,17023775
123797,1804786,17023369
123798,1804497,17024120
123799,1806056,17024214
123800,,17025111
123801,,17022668
123802,24703646,17022343
123803,1800385,17021663
123804,,17021109
123805,1800376,17024297
123806,1800723,17075299
123820,6801641,701411346
123821,,701411348
123822,,701414624
123823,6800237,701414624
123824,,701414682
123825,,701414725
123826,,701429016
123827,,701432074
123828,,
123829,,701432074
123830,6800473,701432835
123831,,701433593
123832,,701432812
123833,,701434725
123834,6801380,701437387
123835,6801506,701428777
123836,6800476,701429489
123837,,701430260
123838,6800468,701431352
123839,,701435324
123840,6800469,701435324
123841,,
123842,,701429380
123843,,701429661
123844,,701429661
123845,6801661,701430254
123846,6800479,701430254
123847,6801437,701430934
123848,6800486,701431005
123849,6801772,701430934
123850,,701428268
123851,6800585,701427071
123852,,701424331
123853,6801511,701402006
123854,,701401348
123855,,701401181
123856,,701400916
123857,,701400916
123858,6801788,701400623
123859,,701400517
123860,6802301,701400378
123861,6802296,701400267
123862,6802300,701400110
123863,6801782,701400517
123864,,701401049
123865,,701401348
123866,,
123880,,
123881,6802195,701404841
123882,,701404757
123883,,701404582
123884,,701403770
123885,,701403770
123886,6801424,701404059
123887,,
123888,6801426,701404212
123889,,701404471
123890,6801676,701403440
123891,6801677,701403076
123892,6801155,701402410
123893,,
123894,,701403195
123895,,701403146
123896,6801099,701404168
123897,,701403312
123898,,701404371
123899,6800351,701403735
123900,6800350,701403831
123901,,701404168
123902,6802230,701409223
123903,,701409223
123904,6801360,701409223
123905,6801763,701410366
123906,6801460,701412391
123907,,701411777
123908,6800874,701410680
123909,6801523,701411780
123910,6800176,701411651
123911,6800984,701412391
123912,24700778,701413575
123913,6800985,701412391
123914,6801728,701410200
123915,,
123916,,701439314
123917,,
123918,6800459,701438884
123919,,
123920,,
123921,,
123922,,701437547
123923,,
123924,,
123925,,
123926,,
123927,,
123928,,
123929,,
123930,,701436184
123931,6801176,701436184
123932,,
123933,,
123934,,701433492
123935,,701439674
123936,,701439674
123937,6800485,701439186
123938,,701438651
123939,,
123940,,701435745
123941,6802158,701436552
123942,,
123943,,701435745
123944,6801886,701414494
123945,,701414202
123946,,701414198
123947,,701414198
123948,,701413605
123949,,701413375
123950,6801881,701412696
123951,,701411942
123952,6801880,701410904
123953,,701408791
123954,,701429677
123955,6801939,701410285
123958,,701410366
124060,,701433398
124061,,701437586
124062,6801507,701437586
124063,,701436118
124064,,701433681
124065,6801854,701432732
124066,6801578,701433276
124067,,701433200
124068,,701433388
124069,,701432605
124070,6801853,701433865
124071,,701433865
124072,6801851,701434714
124073,6802127,701434768
124074,6801847,701435904
124075,6802091,701435730
124076,,701436492
124077,,
124078,6802051,701436776
124079,,701436252
124080,6802047,701436203
124081,,701436898
124082,,701436270
124083,6802043,701436270
124084,6801592,701435924
124085,,
124086,,
124087,,701436975
124088,,701436975
124089,,701437908
124090,,701438289
124091,6802155,701438223
124092,6802151,701438443
124093,6802154,701438062
124094,,701436111
124095,6801527,701437498
124096,6802143,701438392
124097,,
124098,,
124100,,
124101,,
124102,6802140,701438449
124103,,701439220
124104,6802014,701439132
124105,,
124106,6802139,701439132
124107,,701439132
124108,,701439084
124109,6800160,701438565
124110,,
124111,,701440761
124112,,
124113,6801385,701440512
124114,6800365,701440465
124115,,
124116,,701438815
124120,6801752,701428464
124121,,701429179
124122,,701429648
124123,,701430157
124124,6801749,701430491
124125,6801751,701430898
124126,6801900,701432580
124127,6801393,701431186
124128,,701433893
124129,,701427945
124130,,701430508
124131,,701430130
124132,6802174,701427126
124133,,701433893
124134,,701433893
124135,6800375,701438409
124136,24708524,701433970
124137,,701434276
124138,,701433472
124139,,701433472
124140,6800003,701433472
124141,,701431764
124142,,
124143,6800198,701427346
124144,,701424826
124145,6800186,701423483
124146,6802034,701430828
124147,6801739,701429527
124148,,701431820
124149,,701431448
124150,6800503,701422871
124151,6801292,701419849
124152,6802265,701419717
124153,6800074,701418707
124154,6800295,701420310
124155,6802079,701420310
124160,1800732,17052185
124161,1801706,17027400
124162,,17027706
124163,1801678,17027400
124164,,17027400
124165,,17027400
124166,1801604,17027400
124167,1803311,17027567
124168,1805483,17027567
124169,,17033892
124170,1803232,17039559
124171,,17046949
124172,1803805,17047517
124173,,17047055
124174,1802771,17046234
124175,1801274,17053265
124176,,17050784
124177,,17039925
124178,1800542,17075595
124180,,17028634
124181,,
124182,,
124183,1801668,17028250
124184,,17028248
124185,1801667,17028248
124186,,
124187,,
124188,,17028747
124189,,
124190,1801703,17029533
124191,1801638,17030017
124192,1801649,17030022
124193,1802510,17027658
124194,1802371,17028326
124195,1801794,17022080
124196,1801803,17022284
124197,,17022325
124198,,17021555
124199,,17021902
124200,,17022378
124201,1801798,17021901
124202,,17021785
124203,,
124204,,17022267
124205,,17021485
124206,,
124207,,17021682
124208,1804525,17021682
124209,1806007,17021769
124210,,
124211,1801866,17021914
124212,,
124213,,17033109
124214,,17032582
124215,1802302,17043247
124216,,17043070
124217,1802301,17043073
124218,1802303,17043206
124219,,17042563
124220,,17042690
124221,1801426,17042690
124222,,17042563
124223,1801305,17047517
124224,1802434,17047146
124225,1802180,17023520
124226,,17023520
124227,1802179,17023772
124228,,
124229,,17034068
124240,6800082,701418136
124241,6800083,701417936
124242,,
124243,,
124244,,
124245,6802226,701420852
124246,24708576,701418048
124247,6800316,701409051
124248,6800243,701409137
124249,6800023,701410570
124250,6800313,701410318
124251,6800059,701410775
124252,6800213,701410775
124253,,701411598
124254,,701411598
124255,24708519,701411008
124256,6800022,701414459
124257,,701401908
124258,,701402608
124259,,701403167
124260,6801190,701403540
124261,6800166,701403540
124262,6800167,701402608
124263,6800052,701405025
124264,6800051,701407455
124265,,701408566
124266,,
124267,,701408837
124268,6800048,701411073
124269,6800203,701412287
124270,6800543,701420245
124271,,
124272,,701420249
124273,6800523,701420164
124274,6800335,701415439
124275,6800046,701414513
124276,6800006,701413451
124277,6800005,701412915
124278,6800047,701412899
124280,,17051298
124281,,17051425
124282,,17051427
124283,,17051764
124284,,17050843
124285,,17051764
124286,,17051764
124287,1806288,17051298
124288,1805932,17051298
124289,,17051425
124290,,17051298
124291,,17051296
124292,,17052437
124300,,701411148
124301,,701411148
124302,,
124303,,701410940
124304,,701410758
124305,,701410587
124306,,701416180
124307,6802209,701423016
124309,,701422860
124310,,701423126
124311,,701424526
124312,6802248,701424051
124320,,701429264
124321,,
124322,,701427595
124323,,701428431
124324,,701425967
124325,,
124326,6800987,701409758
124327,,701409883
124328,,
124329,6800880,701409213
124330,24708569,701407178
124331,,
124332,6801364,701406492
124333,,701406492
124334,,
124335,,701411432
124336,,701411053
124337,,701411053
124338,6801429,701412509
124339,,701412763
124340,6802315,701412551
124341,6801817,701412763
124342,,
124343,,701406492
124345,6800993,701406964
124346,6800917,701408219
124347,,701408467
124348,,
124350,24708573,701416483
124351,,701400672
124352,,701401093
124353,,701409545
124354,,701409660
124355,6801303,701408517
124356,6801304,701408008
124357,6800805,701407063
124358,,
124359,,
124360,6801093,701403809
124361,6801480,701402410
124362,,701439844
124363,,
124364,,701434042
124365,6800380,701434457
124366,6800381,701433681
124367,,
124368,6800280,701440148
124369,,
124370,6800279,701439236
124371,,701440177
124372,,
124373,6800343,701440186
124374,6800361,701440432
124375,6800355,701440458
124376,6800354,701440458
124377,,701440432
124378,,701440432
124379,,
124380,6801073,701405405
124381,,
124382,,
124383,6801135,701405405
124384,,701405405
124385,6801074,701405405
124386,,701405405
124387,6801077,701405405
124388,,701405405
124389,6801067,701405405
124390,,701405405
124400,,701416159
124401,,701413560
124420,,17011494
124421,,17011654
124422,,17011654
124423,,17011654
124424,,17011654
124425,,17010657
124426,,
124427,1800128,17010595
124428,,17010595
124429,,17010595
124430,1803470,17009137
124432,,17008393
124433,,17008171
124434,,17009137
124435,1803330,17010379
124436,1801776,17010022
124437,,17010110
124438,1801758,17010103
124439,1800375,17009915
124440,1802723,17009917
124441,,17006676
124442,1800645,17006315
124443,,17009851
124444,1802720,17010286
124445,1801769,17010286
124446,1802727,17010224
124447,1800416,17014146
124448,,17015005
124449,1800415,17014835
124450,1802668,17014376
124451,1800381,17017507
124452,,17011539
124453,1800127,17011539
124454,1800571,17011159
124455,,17011159
124456,1800820,17011653
124457,,17011756
124458,,17011825
124459,1803299,17012081
124460,,17012365
124461,,17011345
124462,1803321,17012477
124463,1803337,17013888
124464,1801028,17013888
124465,1802136,17015490
124466,,17015454
124467,,17015237
124468,,17015237
124469,24703808,17013841
124470,1803345,17014028
124471,1804886,17013852
124472,1804893,17014198
124474,24704540,17015413
124475,1804848,17018702
124476,24700230,17019146
124477,1804894,17020439
124478,,17020832
124479,1804885,17021435
124480,,17019712
124481,1804428,17019719
124482,1802137,17019719
124483,,17014028
124484,,17012578
124485,1803336,17012580
124486,,17016642
124487,1800383,17018820
124488,,
124489,,17029248
124490,1802408,17044338
124491,1804226,17052322
124492,,17054305
124493,,17055218
124494,1804229,17056638
124495,,17057267
124496,,17055144
124497,24703778,17052056
124498,,17051487
124499,1800125,17051853
124500,1800175,17050091
124501,,17054505
124502,1800259,17056927
124503,,17059149
124504,,17059489
124505,1802518,17056927
124506,,17058070
124507,,17059093
124508,1800101,17062204
124509,1800277,17049720
124510,1803727,17046982
124511,,17046982
124580,6801358,701423016
125050,,
125900,,701409853
125901,6800266,701409853
125902,,
125903,,701411630
125904,6802353,701411630
125905,,
125906,,
125907,6800749,701411053
125908,6800750,701410148
125909,6800256,701410148
125910,6800733,701409750
125911,,701409598
125912,,701408716
125913,,701409598
125914,,
125915,,701409598
125916,,
125917,,
125918,6800732,701412036
125919,,
125920,,701412407
125921,,701399028
125922,,701402129
125923,,701402349
125924,,701405877
125925,,
125926,,701440514
125927,,
125928,,
125929,,701414301
125930,,
125931,,
125932,6802009,701415527
125933,6801949,701415527
125934,6800314,701415568
125935,,
125936,,
125937,6801630,701436120
125938,6802053,701434837
125939,,
125940,,701434046
125941,,
125942,6801959,701436165
125943,,701436127
125944,,
125945,6802321,701434217
125946,6801958,701435465
125947,,
125948,6801957,701435675
125949,6801678,701436235
125960,,701402912
125961,,701407175
125962,6801244,701431095
125963,,701431095
125964,,701431095
125965,,701431095
125966,,
125967,6802162,701438014
125968,,
125969,,
125970,,701438228
125971,,
125972,,701438576
125973,,701438576
125974,,701438122
125975,6802152,701438705
125976,,
125977,6802105,701438705
125978,,
125979,6801631,701437488
125980,6801632,701437320
125981,,
125982,,701436042
125983,6801679,701436042
125984,6802318,701431270
125985,,701431169
125986,6801697,701431169
125987,,701431169
125988,,701434837
125989,,701434837
125990,6802201,701432415
125991,,
125992,,
125993,,701432144
125994,,
125995,6800428,701432144
125996,,701432144
125997,,701432144
125998,,701432144
125999,6800426,701430085
126000,,701430085
126001,6801363,701429762
126002,,701429762
126003,,701430328
126004,,701430328
126005,6802316,701430328
126006,6802317,701430328
126007,6802320,701430210
126008,6801349,701429386
126009,,
126010,6801351,701427952
126011,,701427952
126012,,701426619
126013,,701426621
126014,6802083,701425004
126015,6802342,701429531
126016,6802344,701428283
126017,,701428281
126018,,701427782
126019,,701425228
126020,6802000,701424980
126021,,701424428
126022,6800099,701408222
126023,6800098,701408628
126024,6801194,701408131
126025,6801195,701408131
126026,6800302,701409019
126027,6800250,701413071
126400,,
126401,6802364,701430297
126402,,701430085
126403,6800443,701430085
126404,6802366,701430085
126405,6802319,701430207
126406,,701432173
126407,6802206,701426621
126408,,701426619
126409,,701424099
126410,6802082,701424097
126411,,701424340
126412,6802370,701428562
126413,,
126414,,701426874
126415,6801635,701429531
126416,6801753,701425130
126417,6800539,701425845
126418,,701424472
126419,,701424386
126420,6801840,701424980
126421,6801333,701424377
126422,6801438,701427559
126423,,701428148
126424,,
126425,,701426385
126426,6801297,701430004
126427,6800395,701430693
126428,6800398,701432918
126429,,701432918
126430,6800148,701432918
126431,6801241,701419749
126432,6800292,701419448
126433,6800291,701419244
126434,6800536,701423399
126435,6802251,701430242
126436,,701423462
126437,,701424743
126438,,701419325
126439,,701420339
126440,6800521,701419936
126441,6800528,701420425
126442,6800522,701419516
126443,,701421860
126444,,701420634
126445,6801290,701420049
126446,6801289,701420634
126447,6802129,701420867
126448,6801717,701421512
126449,6802216,701420725
126450,6802218,701420371
126451,6802219,701420339
126452,6802221,701420425
126453,,701421327
126454,6802217,701421745
126455,,701424743
126456,,701423462
126457,,701423058
126458,6801716,701422960
126459,,701422960
126460,6801713,701423058
126461,6801496,701420725
126462,6801515,701419932
126463,,701420725
126464,6801516,701420504
126465,6801902,701420504
126466,,701426215
126467,,701425874
126468,,
126469,,701427771
126471,,701423420
126472,,701423366
126473,,
126474,6800045,701433640
126475,,701434143
126476,6800027,701435773
126477,6800032,701438795
126478,,701439241
126479,6800466,701438687
126480,,701438687
126481,,701438750
126482,,701438750
126483,,701438750
126484,,701438733
126500,6802267,701422780
126501,,701420936
126502,6801917,701429228
126503,6801915,701428866
126504,6801916,701428866
126505,,701428866
126506,,
126507,,701428464
126508,,701414005
126509,,701411021
126510,6800259,701409913
126511,6800263,701409032
126512,,701410483
126513,6800242,701410630
126514,,701410371
126515,,701414558
126516,,
126517,,701406454
126518,6801702,701403005
126519,6801703,701403710
126520,6801039,701403875
126521,6802138,701405808
126522,6802189,701403629
126523,,701402866
126524,,701403623
126525,6801769,701404734
126526,,701406901
126527,,701405244
126528,6802081,701404843
126529,6802080,701403700
126530,6801768,701403357
126531,,701400276
126532,,701399912
126533,,701400333
126534,,701399714
126535,6801508,701399460
126536,6800069,701406612
126537,6800332,701406612
126538,6800310,701407520
126539,6800184,701408451
126540,6800014,701408451
126541,,701409117
126542,,701423004
126560,6802181,701403676
126561,,701403676
126562,,701402422
126563,,701401639
126564,,701402189
126565,,701402346
126566,6802122,701409416
126567,6802038,701408374
126568,,701408096
126569,,
126570,,701407584
126571,6801017,701407157
126572,6800646,701407872
126573,6802373,701405522
126574,6801338,701405500
126575,6801341,701404895
126576,6801343,701404492
126577,,701406665
126578,,701406752
126579,6800111,701407611
126580,,
126581,6800658,701407699
126582,6800110,701407986
126583,,701407986
126584,6800109,701407611
126585,,701406586
126586,,701406552
126587,,701405712
126588,,701405714
126589,6801033,701404808
126590,6801028,701405425
126591,,701404489
126592,6801015,701405040
126593,6801339,701403414
126594,6801993,701403466
126595,6801994,701403747
126596,,701404532
126597,6801186,701403897
126598,6801366,701404566
126599,6801336,701405044
126600,6802007,701405906
126601,6801628,701405906
126602,6800322,701408543
126603,6800093,701409416
126604,6800009,701409700
126605,6800214,701409700
195220,,17019634
195221,,17019636
195222,1805168,17019636
195223,1805317,17019634
195224,,17019636
195225,,
195226,,17019066
195227,1802724,17009917
195228,1801960,17050594
195229,,17050594
195230,,17048006
195231,,17046927
195232,,17046929
195233,,
195234,,17015814
195235,1802152,17015962
195236,,17055657
195237,,17053819
195238,,17053819
195239,,17053909
195240,,17055657
195241,,17055657
195242,,17055218
195243,,17055657
195244,,17055657
195245,,
195246,,
195247,,17044173
195248,,
195249,24703745,17044162
195250,1805766,17043945
195251,,17075418
195252,1802318,17076707
195253,,17074295
195255,,17072672
195256,,17072516
195259,1804160,17073415
195261,,17059595
195262,,17058080
195263,,17053046
195264,1805338,17056872
195265,1805352,17052948
195266,1805161,17056915
195267,,17056872
195268,,17055378
195269,,17055471
195270,1805331,17053342
195271,,
195272,1805348,17050210
195273,,17050210
195274,,17050212
195275,1805365,17049709
195276,,17049709
195277,1805295,17045112
195278,1802346,17045434
195279,,17045451
195280,1804357,17045451
195281,,
195282,,17045776
195283,,17045818
195284,,17045880
195285,,17046016
195286,1802298,17046124
195287,,
195288,1800098,17061859
195289,1800100,17060781
195290,1800099,17060788
195292,1801369,17058141
195293,1802818,17058599
195294,1802831,17055608
195295,24704499,17057325
195296,,17046008
195297,,17046226
195298,,17046016
195299,,17046016
195300,,17045462
195301,1804089,17046016
195302,,17053180
195320,,17053218
195321,,17051806
195322,,17051977
195323,,
195324,,17051806
195325,,17049488
195326,1804667,17049162
195327,,17049162
195328,,17049164
195329,,17048937
195330,1804963,17046095
195331,,17048874
195332,1800647,17016719
195333,,17036704
195335,,17057306
195336,1804673,17057893
195337,1805774,17058801
195338,1804671,17058902
195339,1804681,17061047
195340,1804679,17062171
195341,,17062171
195342,,17063981
195343,,17062727
195344,,17062171
195345,,17061047
195346,,17058902
195347,,17059075
195348,,17059122
195349,,17059122
195350,,17061236
195351,,17061236
195352,,17062446
195353,,17062599
195354,,17062485
195355,,17056230
195356,,17056752
195358,,17057755
195359,1800953,17058214
195360,,17057913
195361,,17057913
195362,,17057755
195363,,17057913
195364,,17055614
195365,,17059358
195366,,17058534
195367,,17058180
195368,,17058975
195369,,17066842
195370,1800678,17066210
195371,,17064129
195372,,17062395
195373,,17059133
195374,1804135,17046993
195375,,
195376,,17046345
195377,,17046162
195378,,17046076
195379,,17046046
195380,,17046042
195381,,17050927
195382,1801999,17051856
195383,,17051053
195384,,17050701
195385,,17050701
195386,,17049293
195387,,17047024
195388,,17045578
195389,,17045773
195390,,17045578
195391,1803831,17045773
195392,,17046371
195393,,17048036
195394,,17047752
195395,1801257,17047406
195396,,17047657
195397,1804638,17047417
195398,,17047406
195399,,17047417
195400,1804637,17047417
195401,,17046086
195402,,17046606
195403,,17046930
195404,,17049011
195405,,17048817
195406,,17049011
195407,,17048817
195408,,17048486
195409,,17048145
195410,,17047700
195411,,17047700
195412,,17046726
195413,,17046379
195420,1803792,17065316
195421,1806078,17062281
195422,,17061611
195423,,17061388
195424,,17059988
195425,1804397,17057387
195426,,17055295
195427,,17057387
195428,1806077,17060894
195429,1803669,17060607
195430,1804773,17067046
195431,1804775,17064601
195432,1804770,17062770
195433,1804774,17061439
195434,,17041986
195435,1803267,17041563
195436,1801545,17041563
195437,,
195438,,17041708
195439,,17041708
195440,,17055644
195441,,17056573
195442,,17056619
195443,,
195444,1803106,17054305
195445,,17053547
195446,1804208,17053147
195447,1804204,17052421
195448,24703754,17057646
195449,1800970,17058587
195450,,17058587
195451,,17059988
195452,,17057995
195453,1800683,17052437
195454,,17052436
195455,,17052556
195456,,17052833
195457,,17052310
195458,1805757,17050997
195459,1802426,17057284
195460,1802428,17057307
195461,,17056125
195462,1801260,17056188
195463,,17055491
195465,1802450,17054930
195466,1801358,17056306
195467,1801276,17056306
195468,,17052801
195469,,17058261
195470,,17063480
195471,1802486,17060126
195472,1806016,17060126
195473,,17060395
195474,,17060395
195475,1801915,17059564
195476,,17059489
195477,,17059149
195478,,17053879
195479,,
195480,,17053007
195481,1801271,17056306
195482,1801923,17070296
195483,,17069260
195484,1800697,17067984
195485,,17043945
195486,,17046088
195487,,17046058
195488,,17046058
195489,,17046086
195490,1804425,17045293
195491,1804423,17045524
195492,1802352,17045524
195493,1801013,17045524
195494,1804424,17046067
195495,,17044816
195496,,17044816
195497,1805291,17045414
195498,1805345,17045486
195499,1805368,17044883
195500,1805346,17045272
195501,,17045001
195502,1802342,17044584
195503,,17044790
195504,,17044565
195505,,
195506,,17054642
195507,,17054642
195508,,17054944
195509,1801922,17054580
195510,,17055146
195511,,17056735
195512,,17057267
195513,,17057235
195514,,17057235
195515,,17056622
195516,,17054219
195517,,
195518,,17054236
195519,,17054935
195520,,17054916
195521,,17054916
195522,,17054916
195523,,17059279
195524,,17059674
195525,,17059674
195526,,17059442
195527,,17059442
195528,,17059279
195529,,17059442
195530,1803042,17055188
195531,,17059358
195532,,17057028
195533,,17054679
195534,,17053950
195535,,17053950
195536,,17053950
195537,1800936,17053950
195538,1800950,17053950
195539,,17059122
195540,,17062067
195541,,17059323
195542,,17061398
195543,,17059603
195544,,17056341
195545,1804220,17056709
195546,,17066311
195547,,17061999
195548,,17062026
195549,1804378,17062026
195550,,17061297
195551,,17060598
195552,,17052875
195553,,17056276
195554,,17052541
195555,,17055295
195556,1800555,17054607
195557,1800556,17054607
195558,,17054607
195559,,17055822
195560,24703648,17055997
195561,,17065316
195562,1802275,17071022
195563,,17068650
195564,1802274,17068566
195565,1802273,17068884
195566,,17065704
195567,1803789,17066415
195568,,17065798
195569,1800981,17069318
195570,1805778,17068101
195571,1805798,17068101
195572,1804530,17068101
195573,,17063962
195574,,17068101
195575,1805804,17066430
195576,1805146,17067803
195577,1804399,17065821
195578,1803721,17065316
195579,1805801,17064066
195920,,17052260
195921,1802712,17052810
195922,1804878,17054265
195923,1801727,17087024
195924,,17053917
195925,,17053340
195926,,17068606
195927,1802715,17054021
195928,,17053046
195929,1802713,17052948
195930,,17050797
195931,1801182,17087623
195932,1801823,17047108
195933,1800154,17090755
195934,1800153,17089150
195935,1800027,17089150
195936,1803767,17044813
195937,1802350,17045093
195938,,17045093
195939,1803773,17034407
195940,,17035683
195941,1804011,17034396
195942,,17069142
195943,1800025,17089148
195944,1801055,17089148
195945,,17069409
195946,,17073369
195947,,
195950,,17067578
195951,,17047953
195952,1805030,17087154
195953,,17086237
195954,1801731,17047291
195955,1802327,17048003
195956,1802787,17048646
195957,1802788,17048648
195958,1802329,17049784
195959,1802325,17047108
195960,1802323,17047300
195961,,17047110
195962,1802326,17047300
195963,,17088667
195964,,17085316
195965,,17088667
195966,,17062086
195967,1800546,17062086
195968,1801339,17058141
195969,,17073228
195970,1801937,17072765
195971,,
195972,,17066860
195973,,17067502
195974,,17065303
195975,,17064821
195976,,17065509
195977,,17067502
195978,,17067502
195979,,17045954
195980,,
195981,,17045932
196697,11305096,701791989
196940,11305595,701792317
196941,11305593,701792385
196942,11300383,701793154
196944,11305451,701794402
196945,11305452,701794388
196946,11305454,701794460
196947,11303620,701794010
196957,11300867,701790237
196958,11305583,701790399
196959,,701790219
196964,11304728,701791625
196965,11305105,701786763
196966,11300830,701792006
196967,,701791989
196968,11305091,701790765
196969,11304548,701790476
196970,,701790771
196971,,701791126
196972,,701790367
196973,11305686,701790369
196974,11305887,701790778
196975,,701790122
196976,,701789900
196977,11301022,701790150
196978,11303979,701789902
196979,,701789060
196980,,701786635
196981,11303881,701787393
196982,,701787393
196983,,
196984,11305464,701787996
196985,11303981,701788114
196986,11305394,701788824
196987,11303967,701787999
196988,,701781985
196989,,701782376
196990,,701782574
196991,11303739,701782843
196992,11300763,701782902
196993,11300765,701784229
196994,,701784555
196995,,701784776
196996,,701785303
196997,11300768,701785616
196998,11300340,701786079
196999,,701786958
197000,,701786935
197001,11300342,701785940
197002,11300780,701786215
197003,11302478,701786224
197004,11305754,701787014
197005,,701788119
197006,,701787904
197007,11303737,701787482
197008,,701787150
197009,,701785845
197010,,701780438
197011,11304724,701781944
197012,11301912,701782976
197013,,701782976
197014,,
197015,,701781647
197016,11301168,701792036
197017,11301953,701778745
197018,11301281,701776969
197019,11300146,701773840
197020,11305696,701778165
197021,11301991,701778097
197022,11300805,701773911
197023,11300331,701773911
197024,11304065,701781293
197025,,701781815
197026,,701782399
197027,11300028,701782399
197028,11301939,701782399
197029,,701784542
197030,11304404,701786012
197031,,701786939
197032,,701786030
197033,,701785975
197034,11304400,701785963
197035,11305541,701788453
197036,11301822,701780629
197037,11300130,701786796
197038,11300852,701781346
197039,,701779804
197040,,
197041,11300445,701776497
197042,11300021,701776497
197043,,701776497
197044,,701776497
197045,,701775357
197180,,701418136
197181,6801622,701403301
