watershed_group_code,crossing_feature_type,ch_spawning_blocked_km,ch_rearing_blocked_km,co_spawning_blocked_km,co_rearing_blocked_km,sk_spawning_blocked_km,sk_rearing_blocked_km,st_spawning_blocked_km,st_rearing_blocked_km,all_spawning_blocked_km,all_rearing_blocked_km,all_spawningrearing_blocked_km
ADMS,DAM,0.00,0.00,0.00,0.00,0.00,0.00,0.00,0.00,0.00,0.00,0.00
ADMS,"ROAD, DEMOGRAPHIC",7.73,10.25,13.72,20.38,2.40,0.00,0.00,0.00,13.72,20.38,20.38
ADMS,"ROAD, RESOURCE/OTHER",8.53,13.96,15.85,20.02,0.00,0.00,0.00,0.00,15.85,20.02,20.02
ALBN,DAM,3.53,4.40,4.40,5.35,0.00,0.00,46.76,36.91,47.63,37.86,57.29
ALBN,RAIL,0.00,0.00,0.00,0.00,0.00,0.00,0.00,0.00,0.00,0.00,0.00
ALBN,"ROAD, DEMOGRAPHIC",12.50,19.99,24.53,28.27,0.02,0.00,17.41,25.71,25.09,30.27,30.27
ALBN,"ROAD, RESOURCE/OTHER",120.92,144.73,182.67,170.13,6.93,0.00,155.69,226.45,203.66,239.51,267.35
ATLL,DAM,0.00,0.00,0.00,0.00,0.00,0.00,0.00,0.00,0.00,0.00,0.00
ATLL,"ROAD, DEMOGRAPHIC",0.00,0.00,0.00,0.00,0.00,0.00,0.00,0.00,0.00,0.00,0.00
ATLL,"ROAD, RESOURCE/OTHER",0.00,0.00,0.00,0.00,0.00,0.00,0.00,0.00,0.00,0.00,0.00
ATNA,"ROAD, DEMOGRAPHIC",1.57,4.77,6.31,10.01,0.00,0.00,1.88,13.41,6.43,17.17,17.17
ATNA,"ROAD, RESOURCE/OTHER",1.67,1.47,12.34,17.58,0.00,0.00,3.06,14.82,12.34,21.69,22.43
BABL,DAM,0.00,0.00,2.02,3.55,21.98,0.00,0.00,0.00,24.00,3.55,25.53
BABL,"ROAD, DEMOGRAPHIC",4.14,9.50,10.93,19.27,0.00,0.00,0.00,0.00,10.93,19.27,19.27
BABL,"ROAD, RESOURCE/OTHER",41.16,115.52,225.22,466.56,2.99,0.00,0.00,0.00,228.21,466.56,469.55
BABR,"ROAD, RESOURCE/OTHER",2.22,7.92,35.09,97.24,0.00,0.00,6.09,69.19,35.09,126.36,126.36
BBAR,DAM,0.52,0.52,4.75,5.96,0.00,0.00,0.00,0.00,4.75,5.96,5.96
BBAR,RAIL,0.00,0.00,0.00,0.00,0.00,0.00,0.00,0.00,0.00,0.00,0.00
BBAR,"ROAD, DEMOGRAPHIC",1.63,3.06,3.05,3.05,0.00,0.00,0.00,0.00,3.05,3.05,3.05
BBAR,"ROAD, RESOURCE/OTHER",3.17,7.13,14.94,16.80,0.00,0.00,0.00,0.00,14.94,16.80,16.80
BEAV,"ROAD, RESOURCE/OTHER",0.00,0.00,0.00,0.00,0.00,0.00,0.00,0.00,0.00,0.00,0.00
BELA,DAM,1.47,1.87,1.87,1.88,0.00,0.00,1.46,1.88,1.87,1.88,1.88
BELA,"ROAD, DEMOGRAPHIC",0.75,3.21,2.86,4.31,0.00,0.00,0.85,4.83,2.86,4.83,4.83
BELA,"ROAD, RESOURCE/OTHER",139.91,62.61,192.26,121.87,14.52,272.76,158.91,126.84,195.24,436.98,562.89
BIGC,DAM,0.00,0.00,0.00,0.00,0.00,0.00,0.00,0.00,0.00,0.00,0.00
BIGC,"ROAD, DEMOGRAPHIC",0.00,0.00,0.00,0.00,0.00,0.00,0.00,0.00,0.00,0.00,0.00
BIGC,"ROAD, RESOURCE/OTHER",0.00,0.00,0.00,0.00,0.00,0.00,0.00,0.00,0.00,0.00,0.00
BLAR,"ROAD, DEMOGRAPHIC",0.00,0.00,0.00,6.55,0.00,0.00,0.00,0.00,0.00,6.55,6.55
BLAR,"ROAD, RESOURCE/OTHER",0.00,0.00,10.18,146.93,4.13,9.45,0.00,0.00,13.19,156.38,156.42
BLUR,"ROAD, DEMOGRAPHIC",0.00,0.00,0.00,0.00,0.00,0.00,0.00,0.00,0.00,0.00,0.00
BLUR,"ROAD, RESOURCE/OTHER",0.00,0.00,0.00,0.00,0.00,0.00,0.00,0.00,0.00,0.00,0.00
BONP,DAM,0.00,0.00,2.47,10.50,0.00,23.81,0.00,1.72,2.47,34.40,34.40
BONP,RAIL,0.00,0.00,0.00,0.00,0.00,0.00,0.00,0.00,0.00,0.00,0.00
BONP,"ROAD, DEMOGRAPHIC",0.42,0.82,0.81,8.45,0.00,0.00,0.44,6.27,0.81,10.66,10.66
BONP,"ROAD, RESOURCE/OTHER",12.88,19.12,25.00,68.77,0.00,0.00,14.29,88.90,25.00,115.33,115.33
BOWR,DAM,0.00,0.00,0.00,0.00,0.00,0.00,0.00,0.00,0.00,0.00,0.00
BOWR,"ROAD, DEMOGRAPHIC",0.00,0.00,0.57,4.95,0.00,0.00,0.00,0.00,0.57,4.95,4.95
BOWR,"ROAD, RESOURCE/OTHER",297.75,329.40,434.16,805.76,18.40,87.08,0.00,0.00,438.94,893.76,894.90
BRID,DAM,0.00,0.00,0.00,0.00,0.00,0.00,0.00,0.00,0.00,0.00,0.00
BRID,RAIL,0.00,0.00,0.00,0.00,0.00,0.00,0.00,0.00,0.00,0.00,0.00
BRID,"ROAD, DEMOGRAPHIC",0.00,0.00,0.00,0.00,0.00,0.00,0.00,0.00,0.00,0.00,0.00
BRID,"ROAD, RESOURCE/OTHER",0.00,0.00,0.00,0.00,0.00,0.00,0.00,0.00,0.00,0.00,0.00
BRKS,DAM,14.38,7.89,18.46,9.18,0.42,0.00,15.54,8.96,18.88,9.91,20.95
BRKS,"ROAD, DEMOGRAPHIC",0.00,0.00,0.00,0.09,0.00,0.00,1.80,2.48,1.80,2.57,2.57
BRKS,"ROAD, RESOURCE/OTHER",63.25,104.37,120.78,142.48,0.00,0.00,75.03,147.66,127.19,181.80,183.12
BULK,DAM,0.00,0.00,0.90,10.63,0.00,0.00,0.00,0.42,0.90,10.65,10.65
BULK,RAIL,4.41,8.63,12.43,27.81,0.00,0.00,7.20,28.37,12.43,36.04,36.04
BULK,"ROAD, DEMOGRAPHIC",23.07,40.94,83.48,184.42,0.00,10.56,30.79,172.19,83.48,241.89,241.89
BULK,"ROAD, RESOURCE/OTHER",12.45,33.91,51.54,208.23,0.00,26.04,20.01,247.10,51.54,357.44,357.44
BULK,TRAIL,0.00,0.00,0.00,0.00,0.00,0.00,0.00,0.00,0.00,0.00,0.00
BULL,DAM,0.00,0.00,0.00,0.00,0.00,0.00,0.00,0.00,0.00,0.00,0.00
BULL,RAIL,0.00,0.00,0.00,0.00,0.00,0.00,0.00,0.00,0.00,0.00,0.00
BULL,"ROAD, DEMOGRAPHIC",0.00,0.00,0.00,0.00,0.00,0.00,0.00,0.00,0.00,0.00,0.00
BULL,"ROAD, RESOURCE/OTHER",0.00,0.00,0.00,0.00,0.00,0.00,0.00,0.00,0.00,0.00,0.00
CAMB,DAM,0.85,1.42,3.79,4.04,8.50,35.16,1.32,2.45,12.04,39.36,47.61
CAMB,"ROAD, DEMOGRAPHIC",0.00,0.00,2.16,2.16,0.00,0.00,0.00,2.16,2.16,2.16,2.16
CAMB,"ROAD, RESOURCE/OTHER",9.69,15.10,27.25,40.61,2.83,0.00,10.72,26.01,30.08,45.42,50.09
CANO,RAIL,0.00,0.00,0.00,0.00,0.00,0.00,0.00,0.00,0.00,0.00,0.00
CANO,"ROAD, DEMOGRAPHIC",0.00,0.00,0.00,0.00,0.00,0.00,0.00,0.00,0.00,0.00,0.00
CANO,"ROAD, RESOURCE/OTHER",0.00,0.00,0.00,0.00,0.00,0.00,0.00,0.00,0.00,0.00,0.00
CARP,"ROAD, DEMOGRAPHIC",0.00,0.00,0.00,0.00,0.00,0.00,0.00,0.00,0.00,0.00,0.00
CARP,"ROAD, RESOURCE/OTHER",0.00,0.00,0.00,0.00,0.00,0.00,0.00,0.00,0.00,0.00,0.00
CARR,DAM,0.00,0.00,0.00,0.00,0.00,0.00,0.00,0.00,0.00,0.00,0.00
CARR,"ROAD, DEMOGRAPHIC",0.00,0.00,0.00,0.00,0.00,0.00,0.00,0.00,0.00,0.00,0.00
CARR,"ROAD, RESOURCE/OTHER",0.00,0.00,0.79,0.79,0.00,0.00,0.00,0.00,0.79,0.79,0.79
CHES,DAM,0.00,0.00,0.00,0.00,0.00,0.00,0.00,0.00,0.00,0.00,0.00
CHES,"ROAD, DEMOGRAPHIC",0.00,0.00,3.63,8.11,0.00,0.00,0.00,0.00,3.63,8.11,8.11
CHES,"ROAD, RESOURCE/OTHER",0.00,0.00,0.97,28.12,3.20,0.00,0.00,0.00,4.17,28.12,31.32
CHIL,"ROAD, RESOURCE/OTHER",1.11,1.11,19.51,218.91,0.31,70.80,0.00,0.00,19.67,289.70,289.70
CHIR,DAM,0.00,0.00,4.92,7.99,0.00,0.00,0.00,0.00,4.92,7.99,7.99
CHIR,"ROAD, DEMOGRAPHIC",0.53,5.08,5.87,7.69,0.43,18.32,0.00,0.00,5.87,26.01,26.01
CHIR,"ROAD, RESOURCE/OTHER",5.70,15.86,29.34,68.73,0.00,0.00,0.00,0.00,29.34,68.73,68.73
CHWK,DAM,40.33,45.66,51.05,69.11,0.00,0.00,36.93,57.99,51.05,76.04,76.04
CHWK,RAIL,0.65,0.65,1.07,6.00,0.00,0.00,0.65,5.95,1.07,6.96,6.96
CHWK,"ROAD, DEMOGRAPHIC",20.75,40.96,64.42,131.12,0.00,0.00,11.73,98.72,64.42,144.10,144.10
CHWK,"ROAD, RESOURCE/OTHER",29.91,35.48,44.53,48.62,2.99,70.85,34.82,50.87,44.63,128.28,128.28
CLAY,DAM,0.00,0.00,0.00,0.00,0.00,0.00,0.00,1.34,0.00,1.34,1.34
CLAY,"ROAD, DEMOGRAPHIC",0.00,0.94,0.92,1.29,0.19,0.00,0.00,1.98,0.92,2.32,2.32
CLAY,"ROAD, RESOURCE/OTHER",33.32,60.72,74.43,82.48,10.18,0.00,40.36,91.23,78.72,101.08,102.43
CLAY,TRAIL,0.48,0.48,0.48,0.48,0.00,0.00,0.48,0.48,0.48,0.48,0.48
CLRH,RAIL,0.00,0.00,0.00,0.00,0.00,0.00,0.00,0.00,0.00,0.00,0.00
CLRH,"ROAD, DEMOGRAPHIC",0.00,0.00,0.00,0.00,0.00,0.00,0.00,0.00,0.00,0.00,0.00
CLRH,"ROAD, RESOURCE/OTHER",0.00,0.00,0.00,0.00,0.00,0.00,0.00,0.00,0.00,0.00,0.00
CLWR,DAM,0.00,0.00,0.00,0.00,0.00,0.00,0.00,0.00,0.00,0.00,0.00
CLWR,"ROAD, DEMOGRAPHIC",0.00,0.00,1.08,11.68,0.00,0.00,0.00,0.00,1.08,11.68,11.68
CLWR,"ROAD, RESOURCE/OTHER",0.00,2.59,2.59,5.96,0.00,0.00,0.00,0.00,2.59,5.96,5.96
COAL,"ROAD, DEMOGRAPHIC",0.00,0.00,0.00,0.00,0.00,0.00,0.00,0.00,0.00,0.00,0.00
COAL,"ROAD, RESOURCE/OTHER",0.00,0.00,0.00,0.00,0.00,0.00,0.00,0.00,0.00,0.00,0.00
COLR,DAM,0.00,0.00,0.00,0.00,0.00,0.00,0.00,0.00,0.00,0.00,0.00
COLR,RAIL,0.00,0.00,0.00,0.00,0.00,0.00,0.00,0.00,0.00,0.00,0.00
COLR,"ROAD, DEMOGRAPHIC",0.00,0.00,0.00,0.00,0.00,0.00,0.00,0.00,0.00,0.00,0.00
COLR,"ROAD, RESOURCE/OTHER",0.00,0.00,0.00,0.00,0.00,0.00,0.00,0.00,0.00,0.00,0.00
COMX,DAM,3.87,4.31,4.73,12.30,0.00,0.00,3.87,4.53,4.73,12.31,12.31
COMX,RAIL,1.36,1.36,1.36,1.36,0.00,0.00,1.35,1.36,1.36,1.36,1.36
COMX,"ROAD, DEMOGRAPHIC",19.59,32.71,34.43,45.61,2.00,0.00,20.35,36.59,35.76,49.09,49.09
COMX,"ROAD, RESOURCE/OTHER",88.26,129.51,154.99,209.33,0.00,0.00,120.69,192.19,176.64,253.55,256.41
COTR,DAM,0.00,0.00,0.00,1.80,0.00,0.00,0.00,0.00,0.00,1.80,1.80
COTR,RAIL,0.00,0.00,0.00,5.73,0.00,0.00,0.00,0.00,0.00,5.73,5.73
COTR,"ROAD, DEMOGRAPHIC",0.00,9.84,17.71,35.53,0.00,0.00,0.00,0.00,17.71,35.53,35.53
COTR,"ROAD, RESOURCE/OTHER",5.27,10.05,47.98,318.85,0.00,0.00,0.00,0.00,47.98,318.85,318.85
COWN,DAM,1.21,1.21,1.94,1.93,0.21,0.00,1.21,1.96,2.15,1.95,2.15
COWN,RAIL,4.81,8.23,8.19,8.45,0.00,0.00,6.46,9.31,8.19,9.50,9.50
COWN,"ROAD, DEMOGRAPHIC",10.48,22.98,31.20,37.69,1.03,4.95,11.65,39.49,31.20,50.42,50.42
COWN,"ROAD, RESOURCE/OTHER",39.09,64.35,86.35,104.36,0.00,0.00,52.60,117.28,94.90,140.41,140.42
COWN,TRAIL,3.94,6.40,8.52,9.59,0.00,0.00,3.92,9.66,8.52,10.44,10.44
CRKD,DAM,0.00,0.00,0.00,0.00,0.00,0.00,0.00,0.00,0.00,0.00,0.00
CRKD,RAIL,0.00,0.00,0.00,0.00,0.00,0.00,0.00,0.00,0.00,0.00,0.00
CRKD,"ROAD, DEMOGRAPHIC",0.00,0.00,0.00,0.00,0.00,0.00,0.00,0.00,0.00,0.00,0.00
CRKD,"ROAD, RESOURCE/OTHER",0.00,0.00,0.00,0.00,0.00,0.00,0.00,0.00,0.00,0.00,0.00
DEAD,DAM,0.00,0.00,0.00,0.00,0.00,0.00,0.00,0.00,0.00,0.00,0.00
DEAD,"ROAD, DEMOGRAPHIC",0.00,1.29,1.29,1.64,0.00,0.00,0.00,0.00,1.29,1.64,1.64
DEAD,"ROAD, RESOURCE/OTHER",8.49,10.31,11.98,22.02,0.00,0.00,1.73,4.42,11.98,23.05,23.05
DEAL,"ROAD, DEMOGRAPHIC",0.00,0.00,0.00,0.00,0.00,0.00,0.00,0.00,0.00,0.00,0.00
DEAL,"ROAD, RESOURCE/OTHER",0.00,0.00,0.00,0.00,0.00,0.00,0.00,0.00,0.00,0.00,0.00
DEAR,DAM,0.00,0.00,0.00,0.00,0.00,0.00,0.00,0.00,0.00,0.00,0.00
DEAR,"ROAD, DEMOGRAPHIC",0.00,0.00,0.00,0.00,0.00,0.00,0.00,0.00,0.00,0.00,0.00
DEAR,"ROAD, RESOURCE/OTHER",0.00,0.00,0.00,0.00,0.00,0.00,0.00,0.00,0.00,0.00,0.00
DOGC,DAM,0.00,0.00,0.00,0.00,0.00,0.00,0.00,0.00,0.00,0.00,0.00
DOGC,"ROAD, DEMOGRAPHIC",0.00,0.00,0.00,0.00,0.00,0.00,0.00,0.00,0.00,0.00,0.00
DOGC,"ROAD, RESOURCE/OTHER",0.64,3.27,11.39,19.68,0.00,0.00,0.00,0.00,11.39,19.68,19.68
DRIR,RAIL,0.00,0.00,0.00,2.17,0.00,0.00,0.00,0.00,0.00,2.17,2.17
DRIR,"ROAD, RESOURCE/OTHER",0.00,0.00,4.96,87.24,0.00,0.00,0.00,0.00,4.96,87.24,87.24
DUNC,DAM,0.00,0.00,0.00,0.00,0.00,0.00,0.00,0.00,0.00,0.00,0.00
DUNC,"ROAD, DEMOGRAPHIC",0.00,0.00,0.00,0.00,0.00,0.00,0.00,0.00,0.00,0.00,0.00
DUNC,"ROAD, RESOURCE/OTHER",0.00,0.00,0.00,0.00,0.00,0.00,0.00,0.00,0.00,0.00,0.00
DUNE,"ROAD, RESOURCE/OTHER",0.00,0.00,0.00,0.00,0.00,0.00,0.00,0.00,0.00,0.00,0.00
ELKR,DAM,0.00,0.00,0.00,0.00,0.00,0.00,0.00,0.00,12.50,15.97,15.97
ELKR,RAIL,0.00,0.00,0.00,0.00,0.00,0.00,0.00,0.00,10.37,13.81,14.02
ELKR,"ROAD, DEMOGRAPHIC",0.00,0.00,0.00,0.00,0.00,0.00,0.00,0.00,42.45,56.38,56.38
ELKR,"ROAD, RESOURCE/OTHER",0.00,0.00,0.00,0.00,0.00,0.00,0.00,0.00,259.49,390.91,393.00
EUCH,"ROAD, DEMOGRAPHIC",0.00,0.00,0.26,16.93,0.00,0.00,0.00,0.00,0.26,16.93,16.93
EUCH,"ROAD, RESOURCE/OTHER",0.10,0.10,3.26,151.93,4.10,9.66,0.00,0.00,7.26,161.59,161.59
EUCL,DAM,0.00,0.00,0.00,0.00,0.00,0.00,0.00,0.00,0.00,0.00,0.00
EUCL,"ROAD, RESOURCE/OTHER",0.00,0.00,0.00,0.00,0.00,0.00,0.00,0.00,0.00,0.00,0.00
FINA,"ROAD, DEMOGRAPHIC",0.00,0.00,0.00,0.00,0.00,0.00,0.00,0.00,0.00,0.00,0.00
FINA,"ROAD, RESOURCE/OTHER",0.00,0.00,0.00,0.00,0.00,0.00,0.00,0.00,0.00,0.00,0.00
FINL,"ROAD, RESOURCE/OTHER",0.00,0.00,0.00,0.00,0.00,0.00,0.00,0.00,0.00,0.00,0.00
FIRE,DAM,0.00,0.00,0.00,0.00,0.00,0.00,0.00,0.00,0.00,0.00,0.00
FIRE,"ROAD, RESOURCE/OTHER",0.00,0.00,0.00,0.00,0.00,0.00,0.00,0.00,0.00,0.00,0.00
FONT,RAIL,0.00,0.00,0.00,0.00,0.00,0.00,0.00,0.00,0.00,0.00,0.00
FONT,"ROAD, RESOURCE/OTHER",0.00,0.00,0.00,0.00,0.00,0.00,0.00,0.00,0.00,0.00,0.00
FOXR,"ROAD, RESOURCE/OTHER",0.00,0.00,0.00,0.00,0.00,0.00,0.00,0.00,0.00,0.00,0.00
FRAN,DAM,0.00,0.00,0.00,2.28,0.00,0.00,0.00,0.00,0.00,2.28,2.28
FRAN,RAIL,0.00,0.00,0.00,2.37,0.00,0.00,0.00,0.00,0.00,2.37,2.37
FRAN,"ROAD, DEMOGRAPHIC",13.45,14.36,22.10,65.88,15.44,101.39,0.00,0.00,24.65,167.26,168.79
FRAN,"ROAD, RESOURCE/OTHER",9.38,9.46,33.10,233.62,3.50,101.85,0.00,0.00,34.25,335.47,335.47
FRCN,DAM,0.00,0.00,0.00,0.00,0.00,0.00,0.00,0.00,0.00,0.00,0.00
FRCN,RAIL,0.05,0.45,1.02,1.53,0.00,0.00,0.10,2.98,1.02,2.97,2.97
FRCN,"ROAD, DEMOGRAPHIC",8.02,13.33,15.88,27.97,0.00,0.00,3.15,20.31,15.88,33.83,33.83
FRCN,"ROAD, RESOURCE/OTHER",34.72,46.53,52.69,59.69,0.00,0.00,44.84,78.32,59.14,83.95,83.95
FROG,"ROAD, RESOURCE/OTHER",0.00,0.00,0.00,0.00,0.00,0.00,0.00,0.00,0.00,0.00,0.00
GLAR,"ROAD, RESOURCE/OTHER",8.24,12.91,19.58,36.37,0.00,0.00,0.00,0.00,19.58,36.37,36.80
GOLD,DAM,0.00,0.00,0.00,0.00,0.00,0.00,0.00,0.00,0.00,0.00,0.00
GOLD,"ROAD, DEMOGRAPHIC",0.14,0.14,2.42,2.83,0.00,0.00,0.34,2.02,2.68,3.42,3.42
GOLD,"ROAD, RESOURCE/OTHER",142.11,108.63,201.59,141.46,7.54,21.83,169.06,168.27,206.55,210.65,288.11
GRAI,DAM,0.00,0.00,0.00,0.00,0.00,0.00,0.00,0.00,0.00,0.00,0.00
GRAI,"ROAD, DEMOGRAPHIC",13.77,26.42,32.30,41.74,0.00,0.00,14.23,30.32,32.30,42.25,42.25
GRAI,"ROAD, RESOURCE/OTHER",161.33,377.70,402.08,506.68,5.15,0.00,181.41,514.00,415.90,601.89,602.10
GRNL,DAM,0.00,0.00,0.00,0.00,0.00,0.00,0.00,0.00,0.00,0.00,0.00
GRNL,RAIL,0.00,0.00,0.00,0.00,0.00,0.00,0.00,0.00,0.00,0.00,0.00
GRNL,"ROAD, DEMOGRAPHIC",0.00,0.00,0.00,0.00,0.00,0.00,0.00,0.00,0.00,0.00,0.00
GRNL,"ROAD, RESOURCE/OTHER",0.00,0.00,0.00,0.00,0.00,0.00,0.00,0.00,0.00,0.00,0.00
GUIC,DAM,0.00,0.00,0.00,0.00,0.00,0.00,0.00,0.00,0.00,0.00,0.00
GUIC,"ROAD, DEMOGRAPHIC",0.00,0.00,3.65,17.22,0.00,0.00,0.00,11.48,3.65,22.00,22.00
GUIC,"ROAD, RESOURCE/OTHER",0.00,0.00,3.75,52.23,0.00,0.00,0.00,4.16,3.75,54.36,54.36
GUIC,TRAIL,0.00,0.00,0.00,0.00,0.00,0.00,0.00,0.00,0.00,0.00,0.00
HARR,DAM,2.16,7.70,13.11,17.16,0.00,0.02,0.00,2.62,13.11,18.12,18.12
HARR,RAIL,0.39,0.50,1.38,3.27,0.00,0.00,0.39,4.72,1.38,5.25,5.25
HARR,"ROAD, DEMOGRAPHIC",0.08,1.86,9.74,30.64,0.00,0.00,0.82,29.05,10.49,36.89,36.89
HARR,"ROAD, RESOURCE/OTHER",3.43,8.61,15.18,20.81,0.00,0.00,10.70,27.79,19.06,31.34,31.34
HAYR,"ROAD, RESOURCE/OTHER",0.00,0.00,0.00,0.00,0.00,0.00,0.00,0.00,0.00,0.00,0.00
HERR,"ROAD, RESOURCE/OTHER",0.00,0.93,0.94,4.04,0.00,0.00,0.00,0.00,0.94,4.04,4.04
HOLB,DAM,0.00,0.00,0.00,0.00,0.00,0.00,0.00,0.00,0.00,0.00,0.00
HOLB,"ROAD, DEMOGRAPHIC",0.39,1.19,3.76,5.19,0.00,0.00,0.73,2.95,3.76,5.32,5.32
HOLB,"ROAD, RESOURCE/OTHER",65.06,129.60,158.13,194.54,0.00,0.00,80.61,211.71,169.07,242.81,242.81
HOMA,DAM,0.93,1.34,1.46,1.46,0.00,0.00,0.00,0.00,1.46,1.46,1.46
HOMA,"ROAD, DEMOGRAPHIC",2.80,5.31,9.90,16.54,0.00,0.00,0.00,0.00,9.90,16.54,16.54
HOMA,"ROAD, RESOURCE/OTHER",89.25,79.25,149.47,116.47,0.00,0.00,0.00,0.00,149.47,116.47,186.06
HORS,DAM,0.00,0.00,0.00,8.09,0.00,0.00,0.00,0.00,0.00,8.09,8.09
HORS,"ROAD, DEMOGRAPHIC",0.00,1.25,3.38,3.93,3.38,0.00,0.00,0.00,3.38,3.93,7.31
HORS,"ROAD, RESOURCE/OTHER",0.00,2.78,2.21,19.51,0.15,0.00,0.00,0.00,2.21,19.57,19.57
INGR,"ROAD, RESOURCE/OTHER",0.00,0.00,0.00,0.00,0.00,0.00,0.00,0.00,0.00,0.00,0.00
INKR,"ROAD, RESOURCE/OTHER",0.23,0.23,0.23,1.40,0.00,0.00,0.23,0.58,0.23,1.75,1.75
ISKR,DAM,0.00,0.00,0.00,0.00,0.00,0.00,0.00,0.00,0.00,0.00,0.00
ISKR,"ROAD, DEMOGRAPHIC",0.00,0.00,0.00,0.00,0.00,0.00,0.00,0.00,0.00,0.00,0.00
ISKR,"ROAD, RESOURCE/OTHER",0.00,0.00,0.00,0.00,0.00,0.00,0.00,0.00,0.00,0.00,0.00
JERV,DAM,1.93,5.76,12.23,13.30,1.81,75.37,6.33,11.35,14.32,91.42,93.29
JERV,"ROAD, DEMOGRAPHIC",8.23,11.73,20.56,27.37,0.00,0.00,11.33,32.03,22.53,41.99,41.99
JERV,"ROAD, RESOURCE/OTHER",24.50,32.52,47.53,50.84,1.88,9.57,36.53,69.30,53.62,90.60,96.25
KAHN,"ROAD, RESOURCE/OTHER",0.00,0.00,0.00,0.00,0.00,0.00,0.00,0.00,0.00,0.00,0.00
KAKC,"ROAD, DEMOGRAPHIC",0.00,0.00,0.00,0.00,0.00,0.00,0.00,0.00,0.00,0.00,0.00
KAKC,"ROAD, RESOURCE/OTHER",0.00,0.00,0.00,0.00,0.00,0.00,0.00,0.00,0.00,0.00,0.00
KCHL,"ROAD, RESOURCE/OTHER",0.00,0.00,0.00,0.00,0.00,0.00,0.00,0.00,0.00,0.00,0.00
KEEC,"ROAD, RESOURCE/OTHER",0.00,0.00,0.97,1.54,0.00,0.00,0.00,0.00,0.97,1.54,1.54
KETL,DAM,0.00,0.00,0.00,0.00,0.00,0.00,0.00,0.00,0.00,0.00,0.00
KETL,RAIL,0.00,0.00,0.00,0.00,0.00,0.00,0.00,0.00,0.00,0.00,0.00
KETL,"ROAD, DEMOGRAPHIC",0.00,0.00,0.00,0.00,0.00,0.00,0.00,0.00,0.00,0.00,0.00
KETL,"ROAD, RESOURCE/OTHER",0.00,0.00,0.00,0.00,0.00,0.00,0.00,0.00,0.00,0.00,0.00
KETL,TRAIL,0.00,0.00,0.00,0.00,0.00,0.00,0.00,0.00,0.00,0.00,0.00
KHOR,DAM,0.00,0.00,0.00,0.00,0.00,0.00,0.00,0.00,0.00,0.00,0.00
KHOR,RAIL,0.00,0.00,0.00,0.00,0.00,0.00,0.00,0.00,0.00,0.00,0.00
KHOR,"ROAD, DEMOGRAPHIC",0.00,0.00,0.00,0.00,0.00,0.00,0.00,0.00,0.00,0.00,0.00
KHOR,"ROAD, RESOURCE/OTHER",0.00,0.00,0.00,0.00,0.00,0.00,0.00,0.00,0.00,0.00,0.00
KHTZ,"ROAD, RESOURCE/OTHER",4.32,6.58,8.51,9.69,0.00,0.00,10.01,16.30,11.89,17.76,17.76
KINR,"ROAD, DEMOGRAPHIC",0.46,3.02,4.12,14.79,0.30,0.00,0.00,0.00,4.12,14.79,14.79
KINR,"ROAD, RESOURCE/OTHER",0.00,6.37,10.08,25.25,0.00,0.00,0.00,0.00,10.08,25.25,25.25
KISK,DAM,0.00,0.00,0.00,0.00,0.00,0.00,0.00,0.00,0.00,0.00,0.00
KISK,RAIL,0.00,0.00,0.00,0.00,0.00,0.00,0.00,0.00,0.00,0.00,0.00
KISK,"ROAD, DEMOGRAPHIC",0.00,0.00,0.00,0.00,0.00,0.00,0.00,0.00,0.00,0.00,0.00
KISK,"ROAD, RESOURCE/OTHER",0.00,0.00,0.00,0.00,0.00,0.00,0.00,0.00,0.00,0.00,0.00
KISP,DAM,0.00,0.07,0.07,0.07,0.00,0.00,0.00,0.07,0.07,0.07,0.07
KISP,RAIL,1.07,1.97,4.66,6.77,0.00,0.00,1.97,3.45,4.66,8.26,8.26
KISP,"ROAD, DEMOGRAPHIC",11.48,23.03,33.27,61.27,0.00,0.00,14.71,45.68,33.29,71.15,71.15
KISP,"ROAD, RESOURCE/OTHER",39.04,76.22,129.74,201.43,0.00,0.00,52.60,191.53,129.87,260.94,260.94
KITL,"ROAD, RESOURCE/OTHER",0.56,2.45,3.64,4.51,0.00,0.00,0.00,0.00,3.64,4.51,4.51
KITR,RAIL,1.41,1.42,2.01,4.56,0.00,0.00,1.04,2.00,2.01,4.56,4.56
KITR,"ROAD, DEMOGRAPHIC",1.24,2.80,2.84,3.70,0.00,0.00,2.06,3.02,2.84,3.75,3.75
KITR,"ROAD, RESOURCE/OTHER",44.06,71.83,84.37,113.44,0.00,0.00,51.52,105.02,85.89,129.70,132.48
KLAR,"ROAD, RESOURCE/OTHER",0.00,0.00,0.00,0.00,0.00,0.00,0.00,0.00,0.00,0.00,0.00
KLIN,DAM,0.00,0.00,0.00,0.00,0.00,0.00,0.00,0.00,0.00,0.00,0.00
KLIN,"ROAD, DEMOGRAPHIC",0.00,0.00,0.00,0.00,0.00,0.00,0.00,0.00,0.00,0.00,0.00
KLIN,"ROAD, RESOURCE/OTHER",6.30,10.66,11.29,17.61,0.00,0.00,6.17,12.84,11.73,20.19,20.19
KLUM,DAM,0.74,0.74,0.86,0.86,0.00,0.00,0.74,1.57,0.86,1.68,1.68
KLUM,RAIL,2.34,5.14,8.44,10.70,0.00,0.00,1.47,8.01,8.44,11.24,11.24
KLUM,"ROAD, DEMOGRAPHIC",4.60,14.75,18.51,19.23,0.00,0.00,4.52,23.60,18.68,26.16,26.16
KLUM,"ROAD, RESOURCE/OTHER",242.72,157.95,341.81,240.49,5.21,48.42,296.72,252.24,358.03,359.71,528.76
KNIG,DAM,0.01,0.05,0.24,0.24,0.00,5.72,0.01,0.36,0.24,6.08,6.08
KNIG,"ROAD, RESOURCE/OTHER",52.67,86.11,113.49,134.16,3.29,27.90,71.21,156.77,125.31,213.71,213.82
KOTL,DAM,0.00,0.00,0.00,0.00,0.00,0.00,0.00,0.00,0.00,0.00,0.00
KOTL,RAIL,0.00,0.00,0.00,0.00,0.00,0.00,0.00,0.00,0.00,0.00,0.00
KOTL,"ROAD, DEMOGRAPHIC",0.00,0.00,0.00,0.00,0.00,0.00,0.00,0.00,0.00,0.00,0.00
KOTL,"ROAD, RESOURCE/OTHER",0.00,0.00,0.00,0.00,0.00,0.00,0.00,0.00,0.00,0.00,0.00
KOTR,DAM,0.00,0.00,0.00,0.00,0.00,0.00,0.00,0.00,0.00,0.00,0.00
KOTR,"ROAD, DEMOGRAPHIC",0.00,0.00,0.00,0.00,0.00,0.00,0.00,0.00,0.00,0.00,0.00
KOTR,"ROAD, RESOURCE/OTHER",0.00,0.00,0.00,0.00,0.00,0.00,0.00,0.00,0.00,0.00,0.00
KSHR,DAM,0.00,0.00,0.00,0.00,0.00,0.00,0.00,0.00,0.00,0.00,0.00
KSHR,"ROAD, DEMOGRAPHIC",3.23,4.53,4.34,4.99,0.00,0.00,3.70,4.46,4.34,5.01,5.01
KSHR,"ROAD, RESOURCE/OTHER",9.68,12.47,13.83,12.74,0.00,0.00,0.00,2.00,13.83,13.26,15.87
KTSU,DAM,0.00,0.00,0.00,0.00,0.00,0.00,0.00,0.00,0.00,0.00,0.00
KTSU,"ROAD, DEMOGRAPHIC",0.00,0.00,0.00,0.00,0.00,0.00,0.00,0.00,0.00,0.00,0.00
KTSU,"ROAD, RESOURCE/OTHER",0.00,0.00,0.00,0.00,0.00,0.00,0.00,0.00,0.00,0.00,0.00
KUMR,DAM,0.26,0.43,0.67,0.67,0.00,0.00,0.00,0.00,0.67,0.67,0.67
KUMR,"ROAD, DEMOGRAPHIC",0.00,0.00,0.00,0.00,0.00,0.00,0.00,0.00,0.00,0.00,0.00
KUMR,"ROAD, RESOURCE/OTHER",0.22,0.71,2.36,2.83,0.00,0.00,0.00,0.00,2.36,2.83,2.83
KUSR,DAM,0.00,0.00,0.00,0.00,0.00,0.00,0.00,0.00,0.00,0.00,0.00
KUSR,RAIL,0.00,0.00,0.00,0.00,0.00,0.00,0.00,0.00,0.00,0.00,0.00
KUSR,"ROAD, DEMOGRAPHIC",0.00,0.00,0.00,0.00,0.00,0.00,0.00,0.00,0.00,0.00,0.00
KUSR,"ROAD, RESOURCE/OTHER",0.00,0.00,0.00,0.00,0.00,0.00,0.00,0.00,0.00,0.00,0.00
LARL,DAM,0.00,0.00,0.00,0.00,0.00,0.00,0.00,0.00,0.00,0.00,0.00
LARL,RAIL,0.00,0.00,0.00,0.00,0.00,0.00,0.00,0.00,0.00,0.00,0.00
LARL,"ROAD, DEMOGRAPHIC",0.00,0.00,0.00,0.00,0.00,0.00,0.00,0.00,0.00,0.00,0.00
LARL,"ROAD, RESOURCE/OTHER",0.00,0.00,0.00,0.00,0.00,0.00,0.00,0.00,0.00,0.00,0.00
LARL,TRAIL,0.00,0.00,0.00,0.00,0.00,0.00,0.00,0.00,0.00,0.00,0.00
LBIR,"ROAD, DEMOGRAPHIC",0.00,2.02,9.97,11.39,0.00,0.00,4.43,22.14,13.37,23.35,23.35
LBIR,"ROAD, RESOURCE/OTHER",0.00,3.11,16.44,43.04,0.00,0.00,0.04,17.54,16.47,50.34,50.34
LBTN,DAM,0.00,0.00,0.00,0.00,0.00,0.00,0.00,0.00,0.00,0.00,0.00
LBTN,RAIL,0.00,0.00,0.00,0.00,0.00,0.00,0.00,0.00,0.00,0.00,0.00
LBTN,"ROAD, DEMOGRAPHIC",0.00,0.00,0.00,0.00,0.00,0.00,0.00,0.00,0.00,0.00,0.00
LBTN,"ROAD, RESOURCE/OTHER",0.00,0.00,0.00,0.00,0.00,0.00,0.00,0.00,0.00,0.00,0.00
LCHL,DAM,0.16,0.16,0.59,6.28,0.00,0.00,0.00,0.00,0.60,6.28,6.28
LCHL,RAIL,0.00,0.00,1.00,11.15,0.00,0.00,0.00,0.00,1.00,11.15,11.15
LCHL,"ROAD, DEMOGRAPHIC",3.83,5.44,9.54,44.69,0.00,32.70,0.00,0.00,9.54,77.38,77.38
LCHL,"ROAD, RESOURCE/OTHER",13.23,13.27,45.78,311.89,14.13,168.01,0.00,0.00,54.42,479.90,480.15
LCHR,DAM,0.00,0.00,3.56,72.17,0.00,0.00,0.00,0.00,3.56,72.17,72.17
LCHR,"ROAD, DEMOGRAPHIC",0.00,0.00,8.41,13.93,0.00,0.00,0.00,5.55,8.41,16.01,16.01
LCHR,"ROAD, RESOURCE/OTHER",1.16,3.52,13.85,4.34,0.00,0.00,1.16,15.39,13.85,6.21,6.21
LDEN,"ROAD, DEMOGRAPHIC",0.00,0.00,0.00,0.00,0.00,0.00,0.00,0.00,0.00,0.00,0.00
LDEN,"ROAD, RESOURCE/OTHER",0.00,0.00,0.00,0.00,0.00,0.00,0.00,1.80,0.00,1.80,1.80
LEUT,"ROAD, RESOURCE/OTHER",0.00,0.00,0.00,0.00,0.00,0.00,0.00,0.00,0.00,0.00,0.00
LFRA,DAM,36.56,44.81,56.51,84.11,8.32,102.52,39.18,87.19,56.51,193.39,193.39
LFRA,RAIL,1.78,5.02,12.42,35.15,0.00,0.00,1.78,36.44,12.42,39.66,39.66
LFRA,"ROAD, DEMOGRAPHIC",28.05,55.14,127.51,404.55,0.26,0.00,29.15,443.80,127.53,509.07,509.09
LFRA,"ROAD, RESOURCE/OTHER",16.77,26.05,33.60,82.28,1.86,0.00,17.19,88.08,33.60,96.26,96.26
LFRA,TRAIL,0.00,0.00,0.00,1.49,0.00,0.00,0.00,2.06,0.00,2.06,2.06
LFRT,"ROAD, DEMOGRAPHIC",0.00,0.00,0.00,0.00,0.00,0.00,0.00,0.00,0.00,0.00,0.00
LFRT,"ROAD, RESOURCE/OTHER",0.00,0.00,0.00,0.00,0.00,0.00,0.00,0.00,0.00,0.00,0.00
LHAF,"ROAD, DEMOGRAPHIC",0.00,0.00,0.00,0.00,0.00,0.00,0.00,0.00,0.00,0.00,0.00
LHAF,"ROAD, RESOURCE/OTHER",0.00,0.00,0.00,0.00,0.00,0.00,0.00,0.00,0.00,0.00,0.00
LIAR,"ROAD, DEMOGRAPHIC",0.00,0.00,0.00,0.00,0.00,0.00,0.00,0.00,0.00,0.00,0.00
LIAR,"ROAD, RESOURCE/OTHER",0.00,0.00,0.00,0.00,0.00,0.00,0.00,0.00,0.00,0.00,0.00
LILL,DAM,0.01,0.00,0.00,0.00,0.00,0.00,0.01,0.00,0.00,0.00,0.00
LILL,RAIL,0.08,0.95,1.01,1.00,0.00,0.00,0.08,1.13,1.01,1.13,1.13
LILL,"ROAD, DEMOGRAPHIC",2.12,2.54,4.45,14.41,0.00,0.00,2.19,19.06,4.45,20.01,20.01
LILL,"ROAD, RESOURCE/OTHER",394.46,371.82,274.43,297.33,1.95,135.91,357.91,451.25,487.87,717.38,788.16
LILL,TRAIL,0.87,1.50,1.50,1.50,0.00,0.00,0.87,1.53,1.50,1.53,1.53
LISR,DAM,0.00,0.00,0.00,0.00,0.00,0.00,0.00,0.00,0.00,0.00,0.00
LISR,"ROAD, RESOURCE/OTHER",0.00,0.00,0.00,0.00,0.00,0.00,0.00,0.00,0.00,0.00,0.00
LKEC,"ROAD, RESOURCE/OTHER",0.00,0.00,0.00,0.00,0.00,0.00,0.00,0.00,0.00,0.00,0.00
LKEL,RAIL,0.00,0.00,0.00,0.00,0.00,0.00,0.00,0.00,0.00,0.00,0.00
LKEL,"ROAD, DEMOGRAPHIC",0.89,0.96,3.67,9.96,0.10,0.00,0.89,2.98,3.67,11.20,11.20
LKEL,"ROAD, RESOURCE/OTHER",84.06,65.62,128.17,100.98,7.33,45.41,101.47,93.83,129.54,160.28,210.35
LMUS,"ROAD, DEMOGRAPHIC",0.00,0.00,0.00,0.00,0.00,0.00,0.00,0.00,0.00,0.00,0.00
LMUS,"ROAD, RESOURCE/OTHER",0.00,0.00,0.00,0.00,0.00,0.00,0.00,0.00,0.00,0.00,0.00
LNAR,DAM,0.00,0.30,0.30,0.93,0.00,0.00,0.00,2.39,0.30,3.02,3.02
LNAR,"ROAD, DEMOGRAPHIC",14.46,16.61,22.15,28.31,0.00,0.00,16.32,38.73,26.95,45.38,45.38
LNAR,"ROAD, RESOURCE/OTHER",20.26,34.21,46.59,61.55,0.00,0.00,33.93,81.43,55.93,97.67,99.71
LNIC,DAM,0.00,0.00,1.79,4.73,0.00,0.00,0.00,3.38,1.79,5.08,5.08
LNIC,"ROAD, DEMOGRAPHIC",3.37,3.53,6.31,44.46,0.00,0.00,3.53,20.32,6.31,55.39,55.39
LNIC,"ROAD, RESOURCE/OTHER",0.00,0.00,5.65,15.45,0.00,0.00,0.00,24.90,5.65,34.04,34.04
LNIC,TRAIL,0.00,0.00,0.59,1.43,0.00,0.00,0.00,0.51,0.59,1.94,1.94
LNIC,WEIR,0.00,0.00,0.00,0.00,0.00,0.00,0.00,0.00,0.00,0.00,0.00
LNRS,DAM,0.00,0.00,0.00,0.00,0.00,0.00,0.00,0.00,0.00,0.00,0.00
LNRS,"ROAD, DEMOGRAPHIC",0.00,0.00,0.00,0.00,0.00,0.00,0.00,0.00,0.00,0.00,0.00
LNRS,"ROAD, RESOURCE/OTHER",0.00,0.00,0.00,0.00,0.00,0.00,0.00,0.00,0.00,0.00,0.00
LNTH,DAM,0.08,1.72,5.68,6.93,0.00,0.00,0.00,0.00,5.68,6.93,6.93
LNTH,RAIL,0.00,0.49,0.50,1.36,0.00,0.00,0.00,0.00,0.50,1.36,1.36
LNTH,"ROAD, DEMOGRAPHIC",11.52,26.59,41.76,59.46,0.00,0.00,0.00,0.00,41.76,59.46,59.46
LNTH,"ROAD, RESOURCE/OTHER",8.58,11.98,21.32,32.56,0.00,0.00,0.00,0.00,21.32,32.56,32.56
LOMI,DAM,0.00,0.00,0.00,0.00,0.00,0.00,0.00,0.00,0.00,0.00,0.00
LOMI,"ROAD, RESOURCE/OTHER",0.00,0.00,0.00,0.00,0.00,0.00,0.00,0.00,0.00,0.00,0.00
LPCE,DAM,0.00,0.00,0.00,0.00,0.00,0.00,0.00,0.00,0.00,0.00,0.00
LPCE,RAIL,0.00,0.00,0.00,0.00,0.00,0.00,0.00,0.00,0.00,0.00,0.00
LPCE,"ROAD, DEMOGRAPHIC",0.00,0.00,0.00,0.00,0.00,0.00,0.00,0.00,0.00,0.00,0.00
LPCE,"ROAD, RESOURCE/OTHER",0.00,0.00,0.00,0.00,0.00,0.00,0.00,0.00,0.00,0.00,0.00
LPET,"ROAD, DEMOGRAPHIC",0.00,0.00,0.00,0.00,0.00,0.00,0.00,0.00,0.00,0.00,0.00
LPET,"ROAD, RESOURCE/OTHER",0.00,0.00,0.00,0.00,0.00,0.00,0.00,0.00,0.00,0.00,0.00
LPRO,"ROAD, DEMOGRAPHIC",0.00,0.00,0.00,0.00,0.00,0.00,0.00,0.00,0.00,0.00,0.00
LPRO,"ROAD, RESOURCE/OTHER",0.00,0.00,0.00,0.00,0.00,0.00,0.00,0.00,0.00,0.00,0.00
LRAN,"ROAD, RESOURCE/OTHER",0.00,0.00,0.00,0.00,0.00,0.00,0.00,0.00,0.00,0.00,0.00
LRDO,DAM,0.00,0.00,0.00,0.00,0.00,0.00,0.00,0.00,0.00,0.00,0.00
LRDO,"ROAD, DEMOGRAPHIC",0.00,0.00,0.00,0.00,0.00,0.00,0.00,0.00,0.00,0.00,0.00
LRDO,"ROAD, RESOURCE/OTHER",0.32,2.21,2.64,2.66,0.00,0.00,1.43,2.67,2.64,2.72,2.72
LSAL,DAM,280.07,286.94,319.77,945.26,27.81,291.45,0.00,0.00,325.42,1236.71,1236.76
LSAL,RAIL,0.00,0.00,0.00,4.76,0.00,0.00,0.00,0.00,0.00,4.76,4.76
LSAL,"ROAD, DEMOGRAPHIC",0.00,0.00,0.16,24.08,1.05,15.78,0.00,0.00,1.05,39.86,39.86
LSAL,"ROAD, RESOURCE/OTHER",0.00,0.91,15.01,305.86,0.00,16.04,0.00,0.00,15.01,321.90,321.90
LSIK,RAIL,0.00,0.00,0.00,0.00,0.00,0.00,0.00,0.00,0.00,0.00,0.00
LSIK,"ROAD, RESOURCE/OTHER",0.00,0.00,0.00,0.00,0.00,0.00,0.00,0.00,0.00,0.00,0.00
LSKE,DAM,0.00,0.00,0.00,0.00,0.00,0.00,0.00,0.00,0.00,0.00,0.00
LSKE,RAIL,3.21,8.02,7.58,11.10,0.00,0.00,4.20,16.74,8.56,18.99,18.99
LSKE,"ROAD, DEMOGRAPHIC",2.34,7.54,8.18,10.58,0.00,0.00,1.73,10.52,8.18,11.26,11.26
LSKE,"ROAD, RESOURCE/OTHER",40.85,48.66,71.87,72.32,0.00,0.00,52.51,67.55,71.93,82.46,100.35
LSTR,"ROAD, RESOURCE/OTHER",4.29,5.10,5.10,5.10,0.00,0.00,0.00,0.00,5.10,5.10,5.10
LTRE,DAM,0.00,0.00,0.00,5.08,0.90,16.14,0.00,0.00,0.90,21.22,21.22
LTRE,RAIL,0.00,0.00,0.00,0.92,0.00,0.00,0.00,0.00,0.00,0.92,0.92
LTRE,"ROAD, RESOURCE/OTHER",0.00,0.00,1.85,179.21,0.00,0.00,0.00,0.00,1.85,179.21,179.21
MAHD,DAM,0.00,0.00,0.00,0.00,0.00,0.00,0.00,0.00,0.00,0.00,0.00
MAHD,"ROAD, DEMOGRAPHIC",0.00,0.00,0.00,0.00,0.00,0.00,0.00,0.00,0.00,0.00,0.00
MAHD,"ROAD, RESOURCE/OTHER",0.00,0.00,0.00,0.00,0.00,0.00,0.00,0.00,0.00,0.00,0.00
MBNK,"ROAD, RESOURCE/OTHER",0.00,0.00,0.25,0.61,0.00,0.00,0.00,0.00,0.25,0.61,0.61
MCGR,"ROAD, RESOURCE/OTHER",13.34,33.73,66.49,188.38,0.00,0.00,0.00,0.00,66.49,188.38,188.38
MCGR,TRAIL,0.00,0.00,0.00,0.17,0.00,0.00,0.00,0.00,0.00,0.17,0.17
MDEA,DAM,0.00,0.00,0.00,0.00,0.00,0.00,0.00,0.00,0.00,0.00,0.00
MDEA,"ROAD, DEMOGRAPHIC",0.00,0.00,0.00,0.00,0.00,0.00,0.00,0.00,0.00,0.00,0.00
MDEA,"ROAD, RESOURCE/OTHER",0.00,0.00,0.00,0.00,0.00,0.00,0.00,0.00,0.00,0.00,0.00
MESC,"ROAD, RESOURCE/OTHER",0.00,0.00,0.00,0.00,0.00,0.00,0.00,0.00,0.00,0.00,0.00
MESI,"ROAD, RESOURCE/OTHER",0.00,0.00,0.00,0.00,0.00,0.00,0.00,0.00,0.00,0.00,0.00
MFRA,DAM,0.00,0.00,0.00,0.00,0.00,0.00,0.00,0.00,0.00,0.00,0.00
MFRA,"ROAD, DEMOGRAPHIC",0.99,5.36,6.10,9.91,0.00,0.00,0.00,0.00,6.10,9.91,9.91
MFRA,"ROAD, RESOURCE/OTHER",6.22,6.84,9.87,14.03,0.00,0.00,0.00,0.00,9.87,14.03,14.03
MFRT,RAIL,0.00,0.00,0.00,0.00,0.00,0.00,0.00,0.00,0.00,0.00,0.00
MFRT,"ROAD, DEMOGRAPHIC",0.00,0.00,0.00,0.00,0.00,0.00,0.00,0.00,0.00,0.00,0.00
MFRT,"ROAD, RESOURCE/OTHER",0.00,0.00,0.00,0.00,0.00,0.00,0.00,0.00,0.00,0.00,0.00
MIDR,RAIL,0.00,0.00,0.00,1.27,0.00,0.00,0.00,0.00,0.00,1.27,1.27
MIDR,"ROAD, RESOURCE/OTHER",5.85,7.87,17.19,60.78,6.19,47.76,0.00,0.00,17.19,108.54,108.54
MILL,DAM,0.00,0.00,0.00,0.00,0.00,0.00,0.00,0.00,0.00,0.00,0.00
MILL,"ROAD, DEMOGRAPHIC",0.00,0.00,0.00,0.00,0.00,0.00,0.00,0.00,0.00,0.00,0.00
MILL,"ROAD, RESOURCE/OTHER",0.00,0.00,0.00,0.00,0.00,0.00,0.00,0.00,0.00,0.00,0.00
MMUS,"ROAD, DEMOGRAPHIC",0.00,0.00,0.00,0.00,0.00,0.00,0.00,0.00,0.00,0.00,0.00
MMUS,"ROAD, RESOURCE/OTHER",0.00,0.00,0.00,0.00,0.00,0.00,0.00,0.00,0.00,0.00,0.00
MORI,DAM,10.11,12.10,12.78,14.06,4.25,34.04,10.58,16.97,12.78,51.41,51.53
MORI,"ROAD, DEMOGRAPHIC",0.00,0.00,0.26,0.26,0.00,0.00,0.00,0.00,0.26,0.26,0.26
MORI,"ROAD, RESOURCE/OTHER",60.94,126.16,155.64,176.56,6.39,0.00,78.81,216.55,157.27,237.71,237.71
MORK,DAM,0.00,0.00,0.00,0.00,0.00,0.00,0.00,0.00,0.00,0.00,0.00
MORK,RAIL,0.00,0.00,2.90,26.03,0.00,0.00,0.00,0.00,2.90,26.03,26.03
MORK,"ROAD, DEMOGRAPHIC",50.45,61.78,66.47,92.40,0.00,0.00,0.00,0.00,66.47,92.40,92.40
MORK,"ROAD, RESOURCE/OTHER",61.22,112.59,148.36,432.78,0.00,0.00,0.00,0.00,148.36,432.78,432.78
MORR,DAM,0.00,0.00,0.00,0.00,0.00,0.00,0.00,0.00,0.00,0.00,0.00
MORR,RAIL,2.06,2.06,2.06,2.66,0.00,0.00,2.05,2.06,2.06,2.66,2.66
MORR,"ROAD, DEMOGRAPHIC",0.29,0.65,1.60,3.59,0.00,0.00,0.18,4.53,1.60,4.75,4.75
MORR,"ROAD, RESOURCE/OTHER",9.96,37.91,60.43,143.76,0.70,27.78,14.85,126.67,60.43,222.59,222.59
MPRO,"ROAD, DEMOGRAPHIC",0.00,0.00,0.00,0.00,0.00,0.00,0.00,0.00,0.00,0.00,0.00
MPRO,"ROAD, RESOURCE/OTHER",0.00,0.00,0.00,0.00,0.00,0.00,0.00,0.00,0.00,0.00,0.00
MSKE,"ROAD, RESOURCE/OTHER",0.00,0.54,2.33,3.31,0.00,0.00,0.00,1.39,2.33,3.96,3.96
MSTR,DAM,0.00,0.00,0.00,0.00,0.00,0.00,0.02,0.00,0.02,0.00,0.02
MSTR,"ROAD, DEMOGRAPHIC",0.00,0.00,0.00,0.00,0.00,0.00,40.29,111.13,40.29,111.13,111.13
MSTR,"ROAD, RESOURCE/OTHER",0.00,0.00,0.00,0.00,0.00,0.00,10.25,70.05,10.25,70.05,70.05
MURR,DAM,0.00,0.00,0.00,0.00,0.00,0.00,0.00,0.00,0.00,0.00,0.00
MURR,RAIL,0.00,0.00,0.00,0.00,0.00,0.00,0.00,0.00,0.00,0.00,0.00
MURR,"ROAD, DEMOGRAPHIC",0.00,0.00,0.00,0.00,0.00,0.00,0.00,0.00,0.00,0.00,0.00
MURR,"ROAD, RESOURCE/OTHER",0.00,0.00,0.00,0.00,0.00,0.00,0.00,0.00,0.00,0.00,0.00
MURT,"ROAD, DEMOGRAPHIC",0.00,0.00,0.00,0.00,0.00,0.00,0.00,0.00,0.00,0.00,0.00
MURT,"ROAD, RESOURCE/OTHER",0.00,0.00,0.00,0.00,0.00,0.00,0.00,0.00,0.00,0.00,0.00
MUSK,RAIL,0.00,0.00,0.00,0.00,0.00,0.00,0.00,0.00,0.00,0.00,0.00
MUSK,"ROAD, RESOURCE/OTHER",0.00,0.00,0.00,0.00,0.00,0.00,0.00,0.00,0.00,0.00,0.00
NAKR,"ROAD, RESOURCE/OTHER",0.00,0.00,0.00,0.08,0.00,0.00,0.00,0.00,0.00,0.08,0.08
NARC,DAM,0.00,0.00,0.00,0.05,0.00,0.00,0.00,0.00,0.00,0.05,0.05
NARC,RAIL,0.07,0.07,0.29,1.91,0.00,0.00,0.00,0.00,0.29,1.91,1.91
NARC,"ROAD, DEMOGRAPHIC",0.14,0.14,2.13,9.44,0.00,0.00,0.00,0.00,2.13,9.44,9.44
NARC,"ROAD, RESOURCE/OTHER",3.72,11.91,29.45,204.94,0.00,0.00,0.00,0.00,29.45,204.94,204.94
NASC,DAM,2.71,3.68,4.03,5.80,0.00,0.00,2.92,3.68,4.03,5.80,5.80
NASC,"ROAD, DEMOGRAPHIC",0.00,0.00,0.00,0.00,0.00,0.00,0.00,0.00,0.00,0.00,0.00
NASC,"ROAD, RESOURCE/OTHER",12.56,18.62,22.06,23.03,0.00,0.00,22.87,35.80,26.69,38.46,39.19
NASR,"ROAD, DEMOGRAPHIC",24.37,30.46,48.48,99.52,0.32,32.24,34.61,65.60,54.17,149.94,154.38
NASR,"ROAD, RESOURCE/OTHER",3.35,7.84,20.93,64.15,0.00,0.00,11.17,56.55,28.25,96.40,96.65
NATR,DAM,0.00,0.00,0.00,0.00,0.00,0.00,0.00,0.00,0.00,0.00,0.00
NATR,"ROAD, DEMOGRAPHIC",0.00,0.00,0.00,0.00,0.00,0.00,0.00,0.00,0.00,0.00,0.00
NATR,"ROAD, RESOURCE/OTHER",0.00,0.00,0.00,0.00,0.00,0.00,0.00,0.00,0.00,0.00,0.00
NAZR,DAM,0.31,0.31,1.93,30.07,0.61,14.22,0.00,0.00,2.53,44.29,44.89
NAZR,"ROAD, DEMOGRAPHIC",0.00,0.00,0.43,9.23,0.00,0.00,0.00,0.00,0.43,9.23,9.23
NAZR,"ROAD, RESOURCE/OTHER",0.00,0.00,17.43,300.73,0.00,12.19,0.00,0.00,17.43,312.92,312.92
NECL,DAM,0.00,0.00,0.25,0.25,0.00,0.00,0.00,0.00,0.25,0.25,0.25
NECL,"ROAD, DEMOGRAPHIC",0.35,0.35,3.33,5.15,0.00,0.00,0.00,0.00,3.33,5.15,5.15
NECL,"ROAD, RESOURCE/OTHER",1.00,1.48,1.71,1.71,0.00,0.00,0.00,0.00,1.71,1.71,1.71
NECR,DAM,0.00,0.00,0.09,23.07,0.00,0.00,0.00,0.00,0.09,23.07,23.07
NECR,RAIL,0.00,0.00,0.32,0.32,0.00,0.00,0.00,0.00,0.32,0.32,0.32
NECR,"ROAD, DEMOGRAPHIC",1.44,1.44,12.46,144.86,0.00,22.08,0.00,0.00,12.46,166.94,166.94
NECR,"ROAD, RESOURCE/OTHER",7.38,10.62,39.90,399.16,0.00,8.48,0.00,0.00,39.90,407.64,407.64
NECR,TRAIL,0.00,0.00,0.00,0.00,0.00,0.00,0.00,0.00,0.00,0.00,0.00
NEVI,DAM,10.55,18.48,21.21,22.60,0.00,14.93,14.53,24.92,21.20,42.44,43.54
NEVI,"ROAD, DEMOGRAPHIC",3.67,21.14,24.74,27.99,0.00,0.00,5.22,23.20,24.74,29.68,29.68
NEVI,"ROAD, RESOURCE/OTHER",29.76,52.02,75.66,99.17,2.16,0.00,45.08,107.39,83.51,134.17,134.86
NICL,DAM,7.25,7.24,7.26,14.09,3.47,34.61,0.00,0.00,9.17,48.70,48.77
NICL,"ROAD, DEMOGRAPHIC",0.00,0.00,0.00,0.00,0.00,0.00,0.00,0.00,0.00,0.00,0.00
NICL,"ROAD, RESOURCE/OTHER",32.96,44.91,69.40,183.95,0.00,0.00,0.00,0.00,69.40,183.95,183.95
NIEL,"ROAD, RESOURCE/OTHER",14.22,19.59,25.90,25.95,0.00,0.00,29.26,45.49,35.51,49.64,53.51
NIMP,DAM,10.50,12.17,14.57,18.51,0.00,0.00,10.74,12.31,14.57,18.52,19.31
NIMP,"ROAD, DEMOGRAPHIC",16.41,19.80,25.49,36.35,0.00,0.00,15.79,25.97,25.49,36.89,37.41
NIMP,"ROAD, RESOURCE/OTHER",103.26,152.76,211.78,245.76,1.78,0.00,121.62,237.39,215.43,288.38,308.25
OKAN,DAM,0.00,0.01,0.01,0.01,3.87,0.00,0.00,0.00,3.88,0.01,3.88
OKAN,RAIL,0.00,0.00,0.00,0.00,0.00,0.00,0.00,0.00,0.00,0.00,0.00
OKAN,"ROAD, DEMOGRAPHIC",5.99,13.64,15.65,13.72,14.07,0.00,0.00,0.00,29.35,13.72,29.80
OKAN,"ROAD, RESOURCE/OTHER",7.29,25.30,37.58,45.71,11.37,0.00,0.00,0.00,48.95,45.71,57.08
OKAN,TRAIL,1.56,1.65,2.13,2.23,4.12,0.00,0.00,0.00,6.25,2.23,6.35
OSPK,"ROAD, RESOURCE/OTHER",0.00,0.00,0.00,0.00,0.00,0.00,0.00,0.00,0.00,0.00,0.00
OWIK,DAM,17.13,7.47,25.53,8.84,4.45,87.06,22.32,11.23,26.17,98.89,116.54
OWIK,"ROAD, DEMOGRAPHIC",0.24,0.24,0.24,0.24,0.00,0.00,0.24,0.24,0.24,0.24,0.24
OWIK,"ROAD, RESOURCE/OTHER",25.95,25.52,40.20,34.49,0.21,0.00,35.32,49.19,48.11,54.89,65.64
PARA,DAM,0.00,0.00,0.00,0.00,0.00,0.00,0.00,0.00,0.00,0.00,0.00
PARA,RAIL,0.00,0.00,0.00,0.00,0.00,0.00,0.00,0.00,0.00,0.00,0.00
PARA,"ROAD, DEMOGRAPHIC",0.00,0.00,0.00,0.00,0.00,0.00,0.00,0.00,0.00,0.00,0.00
PARA,"ROAD, RESOURCE/OTHER",0.00,0.00,0.00,0.00,0.00,0.00,0.00,0.00,0.00,0.00,0.00
PARK,DAM,1.93,2.10,2.35,2.56,0.00,0.00,2.68,3.20,3.10,3.41,3.41
PARK,RAIL,3.58,5.55,5.69,5.69,0.00,0.00,7.40,9.55,9.50,9.54,9.54
PARK,"ROAD, DEMOGRAPHIC",11.34,18.28,26.75,28.04,0.00,0.00,12.93,22.02,27.07,28.98,28.98
PARK,"ROAD, RESOURCE/OTHER",56.80,69.73,76.55,86.16,0.00,0.00,62.79,85.56,78.28,96.81,96.81
PARK,TRAIL,1.57,1.90,1.90,1.90,0.00,0.00,1.57,2.01,1.90,2.01,2.01
PARS,RAIL,0.00,0.00,0.00,0.00,0.00,0.00,0.00,0.00,0.00,0.00,0.00
PARS,"ROAD, DEMOGRAPHIC",0.00,0.00,0.00,0.00,0.00,0.00,0.00,0.00,0.00,0.00,0.00
PARS,"ROAD, RESOURCE/OTHER",0.00,0.00,0.00,0.00,0.00,0.00,0.00,0.00,0.00,0.00,0.00
PCEA,DAM,0.00,0.00,0.00,0.00,0.00,0.00,0.00,0.00,0.00,0.00,0.00
PCEA,"ROAD, DEMOGRAPHIC",0.00,0.00,0.00,0.00,0.00,0.00,0.00,0.00,0.00,0.00,0.00
PCEA,"ROAD, RESOURCE/OTHER",0.00,0.00,0.00,0.00,0.00,0.00,0.00,0.00,0.00,0.00,0.00
PINE,DAM,0.00,0.00,0.00,0.00,0.00,0.00,0.00,0.00,0.00,0.00,0.00
PINE,RAIL,0.00,0.00,0.00,0.00,0.00,0.00,0.00,0.00,0.00,0.00,0.00
PINE,"ROAD, DEMOGRAPHIC",0.00,0.00,0.00,0.00,0.00,0.00,0.00,0.00,0.00,0.00,0.00
PINE,"ROAD, RESOURCE/OTHER",0.00,0.00,0.00,0.00,0.00,0.00,0.00,0.00,0.00,0.00,0.00
PITR,"ROAD, RESOURCE/OTHER",0.00,0.00,0.00,0.00,0.00,0.00,0.00,0.00,0.00,0.00,0.00
PORI,DAM,0.00,0.00,0.00,0.00,0.00,0.00,0.00,0.00,0.00,0.00,0.00
PORI,"ROAD, DEMOGRAPHIC",0.00,0.00,0.61,0.91,0.00,0.00,0.00,0.61,0.61,0.91,0.91
PORI,"ROAD, RESOURCE/OTHER",4.83,10.89,13.35,14.57,0.00,0.00,4.88,15.39,13.35,15.52,15.52
QUES,DAM,25.83,28.43,34.39,110.37,3.43,16.37,0.00,0.00,36.04,126.73,128.37
QUES,RAIL,0.00,0.00,6.96,11.82,0.00,0.00,0.00,0.00,6.96,11.82,11.82
QUES,"ROAD, DEMOGRAPHIC",0.00,0.00,6.08,46.24,0.17,63.60,0.00,0.00,6.21,109.83,109.83
QUES,"ROAD, RESOURCE/OTHER",13.70,18.83,38.00,203.68,3.06,49.34,0.00,0.00,39.52,253.01,253.65
REVL,DAM,0.00,0.00,0.00,0.00,0.00,0.00,0.00,0.00,0.00,0.00,0.00
REVL,"ROAD, DEMOGRAPHIC",0.00,0.00,0.00,0.00,0.00,0.00,0.00,0.00,0.00,0.00,0.00
REVL,"ROAD, RESOURCE/OTHER",0.00,0.00,0.00,0.00,0.00,0.00,0.00,0.00,0.00,0.00,0.00
SAHD,"ROAD, RESOURCE/OTHER",0.00,0.00,0.00,0.00,0.00,0.00,0.00,0.00,0.00,0.00,0.00
SAHT,"ROAD, RESOURCE/OTHER",0.00,0.00,0.00,0.00,0.00,0.00,0.00,0.00,0.00,0.00,0.00
SAJR,DAM,53.42,55.57,63.42,93.71,3.30,80.21,0.00,0.00,65.01,173.89,175.50
SAJR,RAIL,0.00,0.00,0.00,1.04,0.00,0.00,0.00,0.00,0.00,1.04,1.04
SAJR,"ROAD, DEMOGRAPHIC",11.89,11.95,14.57,61.53,2.85,8.64,0.00,0.00,16.58,70.18,70.17
SAJR,"ROAD, RESOURCE/OTHER",19.12,19.77,36.46,117.08,0.00,0.00,0.00,0.00,36.46,117.08,117.07
SALM,DAM,0.00,0.00,0.00,0.00,0.00,0.00,0.01,1.49,0.01,1.49,1.49
SALM,"ROAD, DEMOGRAPHIC",0.33,3.12,3.26,3.25,0.00,0.00,0.81,3.35,3.34,3.34,3.34
SALM,"ROAD, RESOURCE/OTHER",39.45,86.40,94.10,129.46,0.00,0.00,65.11,162.71,111.21,195.87,195.87
SALR,RAIL,0.00,0.00,0.00,2.06,0.00,0.00,0.00,0.00,0.00,2.06,2.06
SALR,"ROAD, RESOURCE/OTHER",4.63,4.76,22.97,264.72,0.00,0.00,0.00,0.00,22.97,264.72,264.72
SANJ,DAM,7.42,8.43,9.19,10.35,1.54,38.15,7.55,10.71,9.19,49.46,49.46
SANJ,"ROAD, DEMOGRAPHIC",2.12,3.57,4.87,7.08,0.29,0.00,2.30,4.70,4.87,7.99,7.99
SANJ,"ROAD, RESOURCE/OTHER",179.08,175.97,276.75,218.04,0.05,0.30,233.05,304.56,298.29,325.95,401.90
SANJ,TRAIL,0.00,2.51,5.03,6.52,0.00,0.00,2.07,6.91,5.03,7.11,7.11
SETN,DAM,341.82,460.19,499.06,577.86,14.39,501.85,0.59,0.66,508.89,1085.56,1092.06
SETN,RAIL,0.00,0.00,0.00,0.00,0.00,0.00,0.00,0.22,0.00,0.22,0.22
SETN,"ROAD, DEMOGRAPHIC",0.34,0.34,0.79,0.83,0.37,36.39,0.00,1.76,0.79,39.00,39.00
SETN,"ROAD, RESOURCE/OTHER",48.81,86.09,116.00,149.22,0.84,0.00,20.98,66.56,116.81,175.46,175.46
SEYM,DAM,1.65,2.09,2.19,3.25,0.21,32.73,1.70,2.78,2.20,36.68,36.68
SEYM,"ROAD, RESOURCE/OTHER",13.38,27.02,47.35,65.98,0.00,0.00,21.57,61.97,50.20,81.23,81.23
SHEK,"ROAD, RESOURCE/OTHER",0.00,0.00,0.00,0.00,0.00,0.00,0.00,0.00,0.00,0.00,0.00
SHER,"ROAD, RESOURCE/OTHER",0.00,0.00,0.00,0.00,0.00,0.00,0.00,0.00,0.00,0.00,0.00
SHUL,DAM,0.00,0.00,0.76,1.40,0.40,17.07,0.00,0.00,1.90,18.58,18.98
SHUL,RAIL,1.06,1.31,1.67,10.98,0.00,0.00,0.00,0.00,8.57,15.33,15.33
SHUL,"ROAD, DEMOGRAPHIC",10.16,12.92,19.22,29.70,0.00,0.00,0.00,0.00,35.10,49.31,49.31
SHUL,"ROAD, RESOURCE/OTHER",76.97,88.83,98.49,123.96,15.60,0.00,0.00,0.00,152.12,203.59,204.63
SHUL,TRAIL,0.00,0.00,0.00,0.00,0.00,0.00,0.00,0.00,0.00,0.00,0.00
SIML,DAM,0.00,0.00,0.00,0.00,0.00,0.00,0.00,0.00,0.00,0.00,0.00
SIML,"ROAD, DEMOGRAPHIC",0.00,0.00,0.00,0.00,0.00,0.00,0.00,0.00,0.00,0.00,0.00
SIML,"ROAD, RESOURCE/OTHER",0.00,0.00,0.00,0.00,0.00,0.00,0.00,0.00,0.00,0.00,0.00
SIML,TRAIL,0.00,0.00,0.00,0.00,0.00,0.00,0.00,0.00,0.00,0.00,0.00
SKGT,DAM,0.00,0.00,0.00,0.00,0.00,0.00,0.00,0.00,0.00,0.00,0.00
SKGT,"ROAD, DEMOGRAPHIC",0.00,0.00,0.00,0.00,0.00,0.00,0.00,0.00,0.00,0.00,0.00
SKGT,"ROAD, RESOURCE/OTHER",0.00,0.00,0.00,0.00,0.00,0.00,0.00,0.00,0.00,0.00,0.00
SLOC,DAM,0.00,0.00,0.00,0.00,0.00,0.00,0.00,0.00,0.00,0.00,0.00
SLOC,"ROAD, DEMOGRAPHIC",0.00,0.00,0.00,0.00,0.00,0.00,0.00,0.00,0.00,0.00,0.00
SLOC,"ROAD, RESOURCE/OTHER",0.00,0.00,0.00,0.00,0.00,0.00,0.00,0.00,0.00,0.00,0.00
SLOC,TRAIL,0.00,0.00,0.00,0.00,0.00,0.00,0.00,0.00,0.00,0.00,0.00
SMAR,DAM,0.00,0.00,0.00,0.00,0.00,0.00,0.00,0.00,0.00,0.00,0.00
SMAR,RAIL,0.00,0.00,0.00,0.00,0.00,0.00,0.00,0.00,0.00,0.00,0.00
SMAR,"ROAD, DEMOGRAPHIC",0.00,0.00,0.00,0.00,0.00,0.00,0.00,0.00,0.00,0.00,0.00
SMAR,"ROAD, RESOURCE/OTHER",0.00,0.00,0.00,0.00,0.00,0.00,0.00,0.00,0.00,0.00,0.00
SMAR,TRAIL,0.00,0.00,0.00,0.00,0.00,0.00,0.00,0.00,0.00,0.00,0.00
SMOK,"ROAD, DEMOGRAPHIC",0.00,0.00,0.00,0.00,0.00,0.00,0.00,0.00,0.00,0.00,0.00
SMOK,"ROAD, RESOURCE/OTHER",0.00,0.00,0.00,0.00,0.00,0.00,0.00,0.00,0.00,0.00,0.00
SPAT,"ROAD, RESOURCE/OTHER",0.00,0.00,0.00,0.00,0.00,0.00,0.00,0.00,0.00,0.00,0.00
SQAM,DAM,24.75,15.43,30.45,15.86,0.00,16.82,29.80,23.62,31.37,40.60,55.73
SQAM,RAIL,0.07,1.11,0.48,1.16,0.00,0.00,0.23,1.22,0.48,1.27,1.27
SQAM,"ROAD, DEMOGRAPHIC",4.99,11.44,14.17,15.00,0.00,0.00,6.78,15.68,14.17,16.93,16.93
SQAM,"ROAD, RESOURCE/OTHER",86.07,23.58,122.86,40.90,0.00,0.00,114.22,57.38,133.48,67.38,163.02
SQAM,TRAIL,0.00,0.00,0.00,0.00,0.00,0.00,0.00,0.00,0.00,0.00,0.00
STHM,DAM,0.00,0.00,0.27,5.90,0.00,0.00,0.00,0.00,0.27,5.90,5.90
STHM,RAIL,0.00,0.00,0.00,6.15,0.00,0.00,0.00,0.00,0.00,6.15,6.15
STHM,"ROAD, DEMOGRAPHIC",2.22,2.22,6.72,19.47,0.00,0.00,0.00,0.00,6.72,19.47,19.47
STHM,"ROAD, RESOURCE/OTHER",9.10,19.18,24.28,55.12,0.00,0.00,0.00,0.00,24.28,55.12,55.12
STIR,"ROAD, DEMOGRAPHIC",0.02,0.02,0.02,0.02,0.00,0.00,0.00,0.00,0.02,0.02,0.02
STIR,"ROAD, RESOURCE/OTHER",0.00,0.00,0.00,0.00,0.00,0.00,0.00,0.00,0.00,0.00,0.00
STUL,DAM,0.00,0.00,0.00,0.00,0.00,0.00,0.00,0.00,0.00,0.00,0.00
STUL,RAIL,0.00,0.00,0.18,27.29,0.13,0.00,0.00,0.00,0.18,27.29,27.29
STUL,"ROAD, DEMOGRAPHIC",0.00,0.00,2.89,19.19,6.04,0.00,0.00,0.00,6.92,19.19,23.22
STUL,"ROAD, RESOURCE/OTHER",0.00,0.00,17.45,150.35,2.92,0.00,0.00,0.00,17.45,150.35,150.35
STUL,TRAIL,0.00,0.00,0.00,2.14,0.00,0.00,0.00,0.00,0.00,2.14,2.14
STUR,DAM,0.00,0.00,0.00,1.07,0.00,0.00,0.00,0.00,0.00,1.07,1.07
STUR,"ROAD, DEMOGRAPHIC",0.00,0.00,2.70,24.21,0.00,0.00,0.00,0.00,2.70,24.21,24.21
STUR,"ROAD, RESOURCE/OTHER",0.76,1.06,10.11,144.25,4.00,15.80,0.00,0.00,14.11,160.04,160.58
SUST,RAIL,1.73,9.00,9.67,19.75,0.00,0.00,8.81,17.46,11.09,26.56,26.56
SUST,"ROAD, RESOURCE/OTHER",3.38,9.46,20.37,34.96,0.00,0.00,4.39,35.90,20.37,47.96,47.96
SWIR,"ROAD, DEMOGRAPHIC",0.00,0.00,0.00,0.00,0.00,0.00,0.00,0.00,0.00,0.00,0.00
SWIR,"ROAD, RESOURCE/OTHER",0.00,0.00,0.00,0.00,0.00,0.00,0.00,0.00,0.00,0.00,0.00
TABR,DAM,0.00,0.00,0.05,0.07,0.00,0.00,0.00,0.00,0.05,0.07,0.07
TABR,RAIL,0.79,1.48,7.56,12.14,0.00,0.00,0.00,0.00,7.56,12.13,12.13
TABR,"ROAD, DEMOGRAPHIC",5.86,5.86,11.30,48.06,0.00,0.00,0.00,0.00,11.30,48.06,48.06
TABR,"ROAD, RESOURCE/OTHER",32.95,37.70,75.18,244.87,3.12,10.02,0.00,0.00,76.61,254.90,254.95
TABR,TRAIL,0.00,0.00,0.00,5.75,0.00,0.00,0.00,0.00,0.00,5.75,5.75
TAHR,"ROAD, RESOURCE/OTHER",0.00,0.00,0.59,0.59,0.00,0.00,0.00,0.59,0.59,0.59,0.59
TAHS,"ROAD, RESOURCE/OTHER",21.54,38.25,43.92,46.10,0.00,0.00,43.15,82.98,60.71,86.36,86.36
TAKL,RAIL,2.89,2.89,14.08,23.74,1.54,0.00,0.00,0.00,14.08,23.74,23.74
TAKL,"ROAD, RESOURCE/OTHER",2.52,9.33,40.82,113.80,1.05,0.00,0.00,0.00,40.88,113.80,113.86
TASR,DAM,0.00,0.00,0.00,0.00,0.00,0.00,0.00,0.00,0.00,0.00,0.00
TASR,"ROAD, DEMOGRAPHIC",0.00,0.00,0.00,1.51,0.00,0.00,0.00,0.00,0.00,1.51,1.51
TASR,"ROAD, RESOURCE/OTHER",4.48,10.15,29.25,102.93,0.00,0.00,0.00,0.00,29.25,102.93,102.93
TATR,"ROAD, DEMOGRAPHIC",2.34,4.32,6.57,16.55,0.00,0.00,0.00,0.00,6.57,16.55,16.55
TATR,"ROAD, RESOURCE/OTHER",0.50,2.14,3.67,4.95,0.00,0.00,0.00,0.00,3.67,4.95,4.95
TAYR,"ROAD, RESOURCE/OTHER",0.00,0.00,0.00,0.00,0.00,0.00,0.00,0.36,0.00,0.36,0.36
TESR,"ROAD, DEMOGRAPHIC",6.60,8.26,14.64,23.79,0.00,0.00,0.00,0.00,14.64,23.79,23.79
TESR,"ROAD, RESOURCE/OTHER",0.22,4.25,4.35,9.49,0.00,0.00,0.00,0.00,4.35,9.49,9.49
THOM,DAM,0.00,0.00,0.00,0.00,0.00,0.00,0.00,0.00,0.00,0.00,0.00
THOM,RAIL,0.00,0.00,0.34,0.34,0.00,0.00,0.02,0.08,0.34,0.40,0.40
THOM,"ROAD, DEMOGRAPHIC",0.00,0.00,0.41,0.41,0.00,0.00,0.01,0.11,0.41,0.41,0.41
THOM,"ROAD, RESOURCE/OTHER",0.42,5.06,7.32,7.86,0.00,0.00,5.64,7.16,8.01,9.96,9.96
TOAD,"ROAD, DEMOGRAPHIC",0.00,0.00,0.00,0.00,0.00,0.00,0.00,0.00,0.00,0.00,0.00
TOAD,"ROAD, RESOURCE/OTHER",0.00,0.00,0.00,0.00,0.00,0.00,0.00,0.00,0.00,0.00,0.00
TOBA,DAM,0.10,0.10,0.72,1.06,0.00,0.03,0.00,0.37,0.72,1.12,1.12
TOBA,"ROAD, DEMOGRAPHIC",0.85,0.90,0.90,0.90,0.00,0.00,0.33,0.33,0.90,0.90,0.90
TOBA,"ROAD, RESOURCE/OTHER",14.81,17.93,23.06,28.75,0.53,0.00,20.87,36.02,26.44,44.73,47.71
TOOD,DAM,0.00,0.00,0.00,0.00,0.00,0.00,0.00,0.00,0.00,0.00,0.00
TOOD,"ROAD, RESOURCE/OTHER",0.00,0.00,0.00,0.00,0.00,0.00,0.00,0.00,0.00,0.00,0.00
TSAY,"ROAD, DEMOGRAPHIC",0.00,0.36,0.00,0.36,0.00,0.00,0.00,0.43,0.00,0.43,0.43
TSAY,"ROAD, RESOURCE/OTHER",2.97,4.47,7.04,7.75,0.00,0.00,4.77,12.84,8.41,15.05,15.05
TSEA,"ROAD, RESOURCE/OTHER",0.00,0.00,0.00,0.00,0.00,0.00,0.00,0.00,0.00,0.00,0.00
TSIT,DAM,12.85,6.41,15.50,7.57,1.65,57.42,27.17,30.01,29.55,87.59,98.70
TSIT,"ROAD, DEMOGRAPHIC",0.84,3.90,5.70,6.28,0.00,0.00,3.58,9.62,5.70,9.85,9.85
TSIT,"ROAD, RESOURCE/OTHER",12.39,23.82,26.83,32.80,0.00,0.00,35.00,71.56,44.92,76.59,76.59
TURN,DAM,0.00,0.00,0.00,0.00,0.00,0.00,0.00,0.00,0.00,0.00,0.00
TURN,"ROAD, RESOURCE/OTHER",0.00,0.00,0.00,0.00,0.00,0.00,0.00,0.00,0.00,0.00,0.00
TUTR,RAIL,0.00,0.00,0.00,0.00,0.00,0.00,0.00,0.00,0.00,0.00,0.00
TUTR,"ROAD, DEMOGRAPHIC",0.00,0.00,0.00,0.00,0.00,0.00,0.00,0.00,0.00,0.00,0.00
TUTR,"ROAD, RESOURCE/OTHER",0.00,0.00,0.00,0.00,0.00,0.00,0.00,0.00,0.00,0.00,0.00
TUYR,"ROAD, DEMOGRAPHIC",0.00,0.00,0.00,0.00,0.00,0.00,0.00,0.00,0.00,0.00,0.00
TUYR,"ROAD, RESOURCE/OTHER",0.00,0.00,0.00,0.00,0.00,0.00,0.00,0.00,0.00,0.00,0.00
TWAC,DAM,0.00,0.00,0.78,18.89,0.00,0.00,0.00,0.00,0.78,18.89,18.89
TWAC,RAIL,0.00,0.00,0.00,0.00,0.00,0.00,0.00,0.00,0.00,0.00,0.00
TWAC,"ROAD, DEMOGRAPHIC",0.18,0.18,1.49,22.87,0.00,0.00,0.00,0.00,1.49,22.87,22.87
TWAC,"ROAD, RESOURCE/OTHER",3.37,3.37,5.13,33.08,0.00,0.00,0.00,0.00,5.13,33.08,33.08
UARL,DAM,0.00,0.00,0.00,0.00,0.00,0.00,0.00,0.00,0.00,0.00,0.00
UARL,RAIL,0.00,0.00,0.00,0.00,0.00,0.00,0.00,0.00,0.00,0.00,0.00
UARL,"ROAD, DEMOGRAPHIC",0.00,0.00,0.00,0.00,0.00,0.00,0.00,0.00,0.00,0.00,0.00
UARL,"ROAD, RESOURCE/OTHER",0.00,0.00,0.00,0.00,0.00,0.00,0.00,0.00,0.00,0.00,0.00
UARL,TRAIL,0.00,0.00,0.00,0.00,0.00,0.00,0.00,0.00,0.00,0.00,0.00
UBIR,"ROAD, DEMOGRAPHIC",0.00,0.46,2.31,5.84,0.00,0.00,0.00,0.00,2.31,5.84,5.84
UBIR,"ROAD, RESOURCE/OTHER",0.59,0.64,1.86,5.73,0.00,0.00,0.00,0.00,1.86,5.73,5.73
UBTN,DAM,0.00,0.00,0.00,0.00,0.00,0.00,0.00,0.00,0.00,0.00,0.00
UBTN,RAIL,0.00,0.00,0.00,0.00,0.00,0.00,0.00,0.00,0.00,0.00,0.00
UBTN,"ROAD, DEMOGRAPHIC",0.00,0.00,0.00,0.00,0.00,0.00,0.00,0.00,0.00,0.00,0.00
UBTN,"ROAD, RESOURCE/OTHER",0.00,0.00,0.00,0.00,0.00,0.00,0.00,0.00,0.00,0.00,0.00
UCHR,DAM,0.00,0.00,0.00,0.00,0.00,0.00,0.00,0.00,0.00,0.00,0.00
UCHR,"ROAD, DEMOGRAPHIC",0.00,0.00,0.00,0.00,0.00,0.00,0.00,0.00,0.00,0.00,0.00
UCHR,"ROAD, RESOURCE/OTHER",0.00,0.00,21.74,237.90,2.12,10.25,0.00,15.24,22.82,250.27,251.35
UDEN,DAM,0.00,0.00,0.00,0.00,0.00,0.00,0.00,0.00,0.00,0.00,0.00
UDEN,"ROAD, DEMOGRAPHIC",0.00,0.00,0.00,0.00,0.00,0.00,0.00,0.00,0.00,0.00,0.00
UDEN,"ROAD, RESOURCE/OTHER",0.00,0.00,0.00,0.00,0.00,0.00,0.00,0.00,0.00,0.00,0.00
UEUT,DAM,0.00,0.00,0.00,0.00,0.00,0.00,0.00,0.00,0.00,0.00,0.00
UEUT,"ROAD, RESOURCE/OTHER",0.00,0.00,0.00,0.00,0.00,0.00,0.00,0.00,0.00,0.00,0.00
UFRA,DAM,0.00,0.00,0.00,0.00,0.00,0.00,0.00,0.00,0.00,0.00,0.00
UFRA,RAIL,0.00,1.18,3.02,5.59,0.00,0.00,0.00,0.00,3.02,5.59,5.59
UFRA,"ROAD, DEMOGRAPHIC",1.21,6.43,9.43,20.30,0.00,0.00,0.00,0.00,9.43,20.30,20.30
UFRA,"ROAD, RESOURCE/OTHER",36.01,48.92,57.78,78.26,0.00,0.00,0.00,0.00,57.78,78.26,78.26
UFRT,RAIL,0.00,0.00,0.00,0.00,0.00,0.00,0.00,0.00,0.00,0.00,0.00
UFRT,"ROAD, RESOURCE/OTHER",0.00,0.00,0.00,0.00,0.00,0.00,0.00,0.00,0.00,0.00,0.00
UHAF,"ROAD, DEMOGRAPHIC",0.00,0.00,0.00,0.00,0.00,0.00,0.00,0.00,0.00,0.00,0.00
UHAF,"ROAD, RESOURCE/OTHER",0.00,0.00,0.00,0.00,0.00,0.00,0.00,0.00,0.00,0.00,0.00
UISR,"ROAD, DEMOGRAPHIC",0.00,0.00,0.00,0.00,0.00,0.00,0.00,0.00,0.00,0.00,0.00
UISR,"ROAD, RESOURCE/OTHER",0.00,0.00,0.00,0.00,0.00,0.00,0.00,0.00,0.00,0.00,0.00
UKEC,"ROAD, RESOURCE/OTHER",0.00,0.00,0.00,0.00,0.00,0.00,0.00,0.00,0.00,0.00,0.00
ULRD,"ROAD, DEMOGRAPHIC",0.00,0.00,0.00,0.00,0.00,0.00,0.00,0.00,0.00,0.00,0.00
ULRD,"ROAD, RESOURCE/OTHER",0.00,0.00,0.00,0.00,0.00,0.00,0.00,0.00,0.00,0.00,0.00
UMUS,"ROAD, RESOURCE/OTHER",0.00,0.00,0.00,0.00,0.00,0.00,0.00,0.00,0.00,0.00,0.00
UNRS,DAM,0.00,0.00,0.00,0.00,0.00,0.00,0.00,0.00,0.00,0.00,0.00
UNRS,"ROAD, DEMOGRAPHIC",0.00,0.00,0.00,0.00,0.00,0.00,0.00,0.00,0.00,0.00,0.00
UNRS,"ROAD, RESOURCE/OTHER",0.00,0.00,0.00,0.00,0.00,0.00,0.00,0.00,0.00,0.00,0.00
UNTH,DAM,0.00,0.00,0.00,0.00,0.00,0.00,0.00,0.00,0.00,0.00,0.00
UNTH,RAIL,1.22,1.29,2.92,14.36,0.00,0.00,0.00,0.00,2.92,14.36,14.36
UNTH,"ROAD, DEMOGRAPHIC",9.44,10.51,12.64,20.73,0.00,0.00,0.00,0.00,12.64,20.73,20.73
UNTH,"ROAD, RESOURCE/OTHER",10.18,16.97,17.80,25.79,0.00,0.00,0.00,0.00,17.80,25.79,25.79
UNUR,DAM,0.00,0.00,0.00,0.00,0.00,0.00,0.00,0.00,0.00,0.00,0.00
UNUR,"ROAD, DEMOGRAPHIC",0.00,0.00,0.00,0.00,0.00,0.00,0.00,0.00,0.00,0.00,0.00
UNUR,"ROAD, RESOURCE/OTHER",0.00,0.00,0.00,0.00,0.00,0.00,0.00,0.00,0.00,0.00,0.00
UOMI,DAM,0.00,0.00,0.00,0.00,0.00,0.00,0.00,0.00,0.00,0.00,0.00
UOMI,"ROAD, RESOURCE/OTHER",0.00,0.00,0.00,0.00,0.00,0.00,0.00,0.00,0.00,0.00,0.00
UPCE,DAM,0.00,0.00,0.00,0.00,0.00,0.00,0.00,0.00,0.00,0.00,0.00
UPCE,RAIL,0.00,0.00,0.00,0.00,0.00,0.00,0.00,0.00,0.00,0.00,0.00
UPCE,"ROAD, DEMOGRAPHIC",0.00,0.00,0.00,0.00,0.00,0.00,0.00,0.00,0.00,0.00,0.00
UPCE,"ROAD, RESOURCE/OTHER",0.00,0.00,0.00,0.00,0.00,0.00,0.00,0.00,0.00,0.00,0.00
UPET,"ROAD, RESOURCE/OTHER",0.00,0.00,0.00,0.00,0.00,0.00,0.00,0.00,0.00,0.00,0.00
UPRO,"ROAD, DEMOGRAPHIC",0.00,0.00,0.00,0.00,0.00,0.00,0.00,0.00,0.00,0.00,0.00
UPRO,"ROAD, RESOURCE/OTHER",0.00,0.00,0.00,0.00,0.00,0.00,0.00,0.00,0.00,0.00,0.00
USHU,DAM,179.90,205.57,217.77,221.98,2.74,0.00,0.00,0.00,495.30,597.03,597.03
USHU,RAIL,0.00,0.00,0.00,2.54,0.00,0.00,0.00,0.00,0.47,3.03,3.03
USHU,"ROAD, DEMOGRAPHIC",0.14,5.88,15.26,28.45,0.00,0.00,0.00,0.00,36.37,65.19,65.19
USHU,"ROAD, RESOURCE/OTHER",20.43,34.42,51.75,63.10,1.55,0.00,0.00,0.00,101.79,169.69,169.69
USIK,DAM,0.00,0.00,0.00,0.00,0.00,0.00,0.00,0.00,0.00,0.00,0.00
USIK,"ROAD, DEMOGRAPHIC",0.00,0.00,0.00,0.00,0.00,0.00,0.00,0.00,0.00,0.00,0.00
USIK,"ROAD, RESOURCE/OTHER",0.00,0.00,0.00,0.00,0.00,0.00,0.00,0.00,0.00,0.00,0.00
USKE,"ROAD, RESOURCE/OTHER",1.90,3.29,5.11,8.32,0.00,0.00,4.61,16.83,7.82,19.18,19.18
USTK,"ROAD, RESOURCE/OTHER",0.00,0.00,0.00,0.00,0.00,0.00,0.00,0.00,0.00,0.00,0.00
UTRE,RAIL,0.00,0.00,0.00,0.00,0.00,0.00,0.00,0.00,0.00,0.00,0.00
UTRE,"ROAD, RESOURCE/OTHER",0.00,1.69,11.75,59.85,0.00,0.00,0.00,0.00,11.75,59.85,59.85
VICT,DAM,4.98,8.08,12.76,14.19,0.00,0.00,7.18,9.01,12.76,14.25,14.54
VICT,RAIL,0.00,0.00,0.00,0.00,0.00,0.00,0.00,0.00,0.00,0.00,0.00
VICT,"ROAD, DEMOGRAPHIC",12.39,24.50,31.87,36.32,0.00,0.00,12.39,30.09,31.87,38.75,39.76
VICT,"ROAD, RESOURCE/OTHER",6.04,11.97,16.64,17.49,0.00,0.00,6.46,14.03,16.64,18.12,18.12
VICT,TRAIL,0.00,0.89,0.41,1.30,0.00,0.00,0.00,0.89,0.41,1.30,1.30
WILL,DAM,0.00,0.00,0.00,1.07,0.00,0.00,0.00,0.00,0.00,1.07,1.07
WILL,RAIL,0.00,0.00,1.00,5.50,0.00,0.00,0.00,0.00,1.00,5.50,5.50
WILL,"ROAD, DEMOGRAPHIC",33.81,37.43,45.53,101.84,4.66,34.77,0.00,0.00,45.53,136.60,136.60
WILL,"ROAD, RESOURCE/OTHER",13.31,37.23,84.89,379.48,0.00,0.00,0.00,0.00,84.89,379.48,379.48
WILL,TRAIL,0.00,0.00,0.00,0.00,0.00,0.00,0.00,0.00,0.00,0.00,0.00
WORC,DAM,19.34,19.75,27.54,28.72,4.61,89.96,21.95,31.94,28.96,127.83,132.12
WORC,RAIL,0.00,0.00,0.00,0.00,0.00,0.00,0.00,0.00,0.00,0.00,0.00
WORC,"ROAD, DEMOGRAPHIC",0.25,0.25,0.96,1.77,0.00,0.00,0.78,1.04,1.49,2.56,2.56
WORC,"ROAD, RESOURCE/OTHER",6.65,10.18,18.91,20.57,0.00,0.00,10.16,27.97,21.17,30.95,31.89
ZYMO,"ROAD, DEMOGRAPHIC",0.00,0.00,0.00,0.00,0.00,0.00,0.00,0.00,0.00,0.00,0.00
ZYMO,"ROAD, RESOURCE/OTHER",3.36,7.66,10.78,20.29,0.00,0.00,5.89,35.95,13.17,43.89,43.89
